24,145
0,31,128,16,61,7,42,42,71,23,73,113,109,7,3,12,49,149,104,10,15,197,29,48,39,73,32,92,60,50,40,18,87,95,75,39,72,54,7,27,10,41,12,16,48,121,74,28,29,74,16,85,22,21,24,8,1,30,26,20,19,123,72,117,114,107,58,38,73,42,80,53,69,40,124,48,101,31,13,31,175,88,116,24,28,95,141,38,126,31,304,74,79,43,31,36,123,48,94,80,77,135,130,111,44,109,31,24,47,16,166,22,103,15,93,33,95,11,11,102,36,24,147,15,88,94,22,6,14,99,12,20,6,30,1,16,3,15,28,14,15,5,4,3,6,10
1,1,41,11,30,7,31,29,28,11,51,55,49,1,2,14,19,138,82,5,12,107,11,23,8,41,19,49,23,25,19,11,49,72,49,25,63,32,2,11,9,29,8,7,33,84,37,14,15,36,2,49,11,6,10,7,1,18,17,8,6,83,44,67,36,76,40,31,49,28,33,37,42,25,62,28,40,25,2,19,112,47,61,39,18,45,53,28,71,15,158,35,37,28,22,30,87,20,53,25,59,69,69,68,18,39,9,15,23,5,76,4,57,4,55,19,36,12,4,55,25,12,79,5,23,49,17,4,12,32,6,8,2,11,4,11,2,5,17,5,5,7,3,3,7,7
2,0,15,5,24,4,16,13,9,6,45,20,37,0,1,9,16,169,41,2,8,62,5,16,14,22,7,52,11,16,8,4,23,45,25,15,21,18,2,5,4,16,3,3,25,62,18,7,14,20,1,20,6,8,2,2,2,6,13,6,3,56,26,38,21,38,14,9,25,6,14,8,29,19,32,11,34,11,3,4,41,19,28,39,20,20,29,23,39,7,131,26,4,12,15,13,47,14,34,18,30,40,38,22,8,23,2,9,19,2,46,6,19,1,25,11,26,1,2,30,18,16,32,5,5,11,6,1,3,14,3,6,4,9,0,6,1,4,4,4,1,3,1,2,2,2
3,2,0,2,9,1,11,15,2,4,47,16,17,3,2,2,12,186,8,1,3,39,7,9,6,12,4,15,3,8,8,2,14,28,20,7,24,8,0,2,4,7,3,5,17,23,8,5,6,15,2,13,3,3,1,3,2,7,3,3,6,15,22,22,7,28,11,10,15,4,7,6,19,4,19,10,10,4,5,6,33,13,15,54,11,14,16,6,28,7,51,20,15,14,8,2,31,11,21,11,18,50,19,12,4,9,1,3,14,4,35,2,24,1,18,3,18,0,4,34,10,10,15,2,11,8,3,1,1,2,4,3,2,8,2,6,0,1,8,5,0,1,1,0,2,1
4,3,7,7,15,4,14,15,7,4,32,12,36,2,1,2,13,103,9,2,5,33,9,13,14,9,8,6,5,10,13,12,15,23,6,16,14,17,3,5,3,6,0,2,12,37,5,7,5,12,4,18,5,10,4,13,4,7,3,4,5,13,17,15,14,26,4,11,4,2,7,4,8,10,13,12,9,5,3,10,26,14,15,13,9,13,25,4,30,11,27,32,4,4,6,8,19,12,8,10,15,26,15,7,8,14,2,9,12,4,32,7,29,7,22,6,10,3,7,25,12,13,23,5,7,14,8,4,2,6,2,8,2,6,4,5,1,6,3,5,5,4,2,4,9,3
5,5,96,16,26,10,19,24,6,6,23,16,122,8,15,14,28,18,13,13,11,32,9,20,20,30,22,27,10,29,31,28,30,31,5,16,115,21,17,6,18,29,15,25,17,38,19,11,14,13,12,38,17,32,8,37,12,24,2,18,18,19,19,10,26,20,15,9,10,7,13,9,12,9,22,12,17,18,9,34,20,15,31,9,24,21,18,18,35,25,20,29,18,20,21,32,64,32,26,8,21,21,29,18,23,11,5,11,57,6,42,23,35,25,26,27,23,19,18,18,31,15,41,32,25,25,18,17,23,22,23,21,8,15,17,13,9,13,17,17,10,14,9,14,16,23
6,16,135,51,79,21,71,81,18,21,54,53,578,42,52,27,60,45,41,29,48,61,32,80,85,104,59,81,16,97,118,112,85,68,20,67,288,69,45,42,44,49,35,84,38,78,56,25,50,55,58,138,99,84,27,132,58,69,22,28,79,34,67,23,90,55,74,30,35,16,25,37,41,12,73,44,64,45,18,96,52,55,104,45,72,88,63,61,60,59,52,68,39,66,78,65,178,66,117,37,88,102,67,32,110,50,26,28,328,39,45,110,79,69,58,86,50,51,69,72,109,51,91,120,88,68,47,50,76,42,70,90,56,74,52,59,46,40,38,47,46,52,23,26,32,43
7,240,225,87,184,79,84,167,44,80,105,96,853,154,95,43,150,50,53,54,88,112,100,149,173,176,129,115,65,235,175,209,174,88,27,98,435,115,121,83,78,118,62,172,76,129,156,58,79,111,173,289,197,152,96,282,98,133,27,59,140,32,107,38,189,96,128,45,44,38,64,59,91,26,124,71,142,117,72,188,78,79,201,96,177,113,100,93,87,142,87,123,49,149,157,125,317,107,289,62,202,147,134,85,90,93,56,103,290,83,126,229,127,225,95,275,86,154,194,99,179,112,209,230,246,155,75,106,167,140,104,141,90,136,124,102,166,84,87,72,99,83,77,70,58,88
8,325,206,93,250,111,179,201,64,116,151,151,718,222,51,73,179,59,71,61,99,183,135,122,169,202,170,113,84,341,110,209,264,60,28,146,320,167,156,87,57,147,69,199,53,203,319,82,143,137,244,342,233,63,140,177,48,157,60,70,237,53,89,32,217,67,157,59,77,57,87,78,183,36,191,94,205,135,113,183,86,89,235,118,167,107,116,72,141,162,136,137,121,151,196,190,474,180,350,107,224,252,215,140,55,120,93,132,234,93,221,303,117,293,133,383,178,231,231,115,199,171,301,265,386,221,65,113,144,194,114,92,80,127,133,93,162,86,72,71,74,83,92,68,40,101
9,530,106,85,211,95,193,163,107,116,154,191,744,123,68,69,199,121,108,45,98,244,134,107,140,213,120,172,133,354,139,192,244,61,41,124,338,180,147,103,68,154,51,205,57,230,301,88,120,188,174,329,180,55,157,174,73,129,66,76,160,45,107,32,198,97,153,65,98,56,86,95,137,39,203,85,183,157,74,131,105,83,249,119,141,107,114,119,173,127,158,167,117,168,188,170,559,188,325,134,208,220,265,196,82,182,104,136,266,105,177,246,126,250,130,240,212,222,188,86,159,130,314,229,376,195,42,89,168,135,115,98,97,112,112,95,110,66,63,57,49,60,47,49,46,60
10,584,110,117,156,65,197,111,134,141,169,150,654,127,52,56,172,128,77,59,59,239,104,114,138,197,85,125,121,282,112,133,213,82,33,108,237,156,95,67,52,128,48,123,79,211,330,62,100,138,199,163,146,103,149,166,68,91,59,95,116,49,97,33,149,75,100,40,77,48,79,96,125,36,204,79,201,136,71,122,77,69,139,76,124,109,93,72,177,110,104,129,130,134,124,145,402,101,240,193,152,185,301,220,98,199,133,122,193,111,218,199,112,174,87,217,137,163,111,76,152,129,313,195,362,193,61,90,117,125,81,72,90,103,93,110,107,48,87,86,57,58,37,42,50,73
11,454,168,112,129,57,206,104,182,143,197,192,479,150,57,71,118,163,63,39,73,234,98,79,147,163,73,96,152,296,98,119,216,52,23,96,255,154,67,56,41,121,58,133,54,231,278,58,95,131,221,178,131,76,188,139,70,85,79,115,96,53,71,35,141,56,120,50,70,59,103,133,156,54,232,77,196,107,35,109,78,62,103,58,112,82,52,45,161,121,146,108,149,134,129,110,408,80,237,231,141,253,304,281,133,270,151,134,176,81,236,159,96,174,83,226,115,191,77,55,102,102,316,168,415,198,49,84,115,108,93,63,67,98,54,100,111,40,106,77,56,65,45,38,57,50
12,491,236,121,183,48,193,129,198,157,188,200,453,141,42,85,126,111,87,38,83,245,118,75,154,184,66,108,201,244,100,123,247,60,36,96,248,164,63,36,54,136,62,133,49,230,295,32,143,135,201,194,136,58,188,127,51,88,88,103,79,47,67,30,136,63,120,53,75,52,91,138,190,53,257,89,236,110,82,86,73,64,119,33,95,74,79,44,182,90,132,129,212,125,144,132,466,84,312,256,124,314,354,309,146,265,185,143,154,78,239,190,112,159,54,212,163,193,74,74,115,93,353,132,472,224,41,65,123,139,82,75,53,104,68,100,91,72,93,93,53,81,52,39,53,43
13,386,329,111,177,69,171,127,210,141,181,214,428,132,53,52,127,134,86,23,107,233,117,72,166,172,66,83,192,241,85,123,270,52,45,89,255,127,71,60,35,117,40,116,45,215,311,45,96,129,221,159,130,53,177,113,49,92,92,101,85,44,66,36,160,58,124,52,94,77,102,145,177,56,258,61,218,118,70,83,78,61,135,34,108,84,81,41,200,117,134,102,168,120,157,123,343,107,272,207,146,243,320,335,120,264,219,168,130,50,220,157,79,180,53,196,110,206,74,57,132,78,388,157,412,206,40,83,75,162,72,54,46,105,65,89,75,60,93,83,75,70,52,45,46,74
14,512,309,93,178,40,190,148,228,187,198,234,489,117,36,76,106,143,96,33,116,248,119,90,113,141,71,104,189,218,103,119,266,51,51,87,243,151,56,59,68,112,51,111,57,245,266,54,109,155,207,202,110,40,181,118,55,115,91,109,98,37,72,35,154,63,118,50,94,59,114,137,160,48,236,72,243,107,82,106,67,83,165,45,103,92,72,44,180,100,119,122,181,127,147,170,349,86,317,206,194,325,365,337,86,280,176,201,119,74,208,192,93,175,69,247,123,209,95,62,101,77,350,185,404,225,50,73,155,171,75,72,49,118,82,99,85,68,87,72,75,75,53,36,54,52
15,541,404,152,113,32,185,106,203,125,186,201,396,155,42,61,115,142,116,32,91,251,94,74,155,166,58,87,141,201,109,122,227,41,35,89,171,132,33,50,74,100,70,115,39,264,217,59,115,121,223,161,111,43,181,156,61,87,100,84,86,46,53,32,127,54,107,66,74,46,86,119,159,51,247,90,195,100,73,95,82,69,138,46,88,109,75,45,153,105,125,128,174,130,127,118,333,97,267,179,124,296,331,279,111,196,190,190,98,56,175,190,106,158,79,250,127,196,124,64,145,98,282,179,530,224,35,68,164,149,76,57,55,110,79,87,146,67,122,86,111,83,117,59,69,102
16,418,398,109,108,41,135,133,105,81,106,114,299,162,52,56,100,119,90,34,100,165,62,85,129,134,51,94,140,157,76,91,189,41,24,78,139,154,43,31,50,88,57,83,40,206,169,50,86,89,192,129,98,36,134,86,48,69,71,63,67,23,47,30,63,36,106,51,77,32,56,110,126,63,165,74,152,68,28,67,69,58,85,36,59,66,44,32,124,82,101,95,102,108,120,122,268,75,198,147,122,241,213,185,79,161,125,196,69,57,153,145,82,121,54,192,112,156,53,45,99,87,280,146,466,175,43,65,106,118,76,48,45,93,67,124,110,46,95,86,86,68,68,54,57,64
17,573,399,127,170,65,127,165,139,156,97,105,373,150,70,75,140,118,90,57,139,201,112,103,158,108,77,103,131,238,104,135,127,67,49,121,120,135,50,31,66,122,70,128,47,237,151,57,73,127,224,152,119,39,159,137,72,91,85,93,90,53,85,37,96,77,110,62,68,40,70,75,165,66,145,52,174,44,84,100,91,60,150,50,131,67,45,49,123,107,132,101,82,106,170,208,326,73,164,105,191,244,292,166,50,140,163,260,74,64,161,232,72,181,70,237,123,186,93,74,153,106,442,213,438,261,59,80,151,166,76,78,66,138,91,103,95,73,120,111,79,85,81,56,59,78
18,497,313,161,204,64,171,185,156,290,162,224,519,163,79,75,216,164,133,50,159,326,158,111,222,198,98,140,192,314,128,190,190,74,46,100,188,208,110,78,80,166,77,165,68,366,176,95,107,183,242,231,92,71,210,160,74,137,125,50,92,68,112,42,128,101,174,71,77,52,105,133,186,62,206,93,235,145,118,148,152,112,202,62,131,116,103,74,174,136,214,147,134,156,254,261,423,111,176,158,289,360,299,177,82,176,276,283,120,88,225,269,130,180,115,273,158,243,109,93,155,124,560,227,478,286,55,105,209,229,90,84,88,172,94,133,113,89,128,112,99,110,63,72,57,104
19,468,314,158,205,76,242,163,280,221,233,296,591,108,67,81,222,190,143,42,124,369,138,113,168,290,94,164,275,372,140,170,278,90,84,137,243,275,69,66,54,203,66,176,72,435,245,81,146,209,160,270,146,62,221,147,48,114,95,66,101,64,134,60,195,116,191,75,127,89,162,203,298,75,312,120,359,177,124,155,163,119,289,75,155,134,143,84,252,116,287,174,196,212,258,229,465,109,247,185,300,427,474,338,97,275,246,248,168,89,289,251,198,204,124,185,105,224,93,110,172,129,569,209,304,314,96,102,138,288,94,82,78,166,94,125,88,71,120,94,86,86,64,45,56,107
20,422,295,90,228,54,226,119,238,180,190,294,441,99,35,72,175,194,184,35,92,390,104,106,137,250,105,192,224,326,139,133,246,108,131,124,249,217,46,62,54,218,43,116,87,416,334,83,125,224,114,239,164,45,189,85,33,129,110,94,94,106,146,99,215,140,216,86,167,95,136,154,275,73,303,116,327,184,129,138,202,131,269,72,130,182,182,92,246,113,294,164,186,229,183,177,573,116,261,175,308,368,540,376,81,273,183,226,144,82,336,195,145,187,127,184,119,132,90,129,134,101,517,127,257,355,59,67,103,204,71,87,41,167,50,97,80,71,61,78,75,84,72,37,51,110
21,448,193,104,156,40,222,145,188,178,177,272,489,46,36,62,155,254,221,25,94,325,82,92,192,197,93,193,197,313,146,126,251,106,131,123,224,220,31,56,58,156,38,109,88,297,279,107,124,267,110,287,119,44,106,68,27,112,108,108,80,124,170,151,240,214,226,125,149,86,155,143,185,64,251,113,223,150,57,125,213,147,275,53,98,183,191,93,234,123,320,148,134,177,150,160,606,102,248,129,310,312,669,343,117,192,148,150,153,60,255,197,212,92,206,151,134,84,68,168,176,112,479,127,296,266,51,45,100,277,39,57,28,80,121,73,52,101,86,67,53,45,35,36,45,100
22,394,282,60,143,45,131,123,137,94,203,198,367,19,17,44,143,133,184,23,73,283,76,102,158,193,102,186,162,282,128,108,225,150,143,107,167,157,41,57,49,130,32,82,111,346,198,101,115,271,63,348,80,48,96,47,20,105,84,63,56,140,200,179,220,193,231,113,155,84,139,135,97,50,211,85,186,116,33,98,229,163,308,52,152,173,131,98,217,118,319,134,105,123,165,154,491,140,323,182,326,238,481,374,106,218,148,147,143,74,204,90,296,50,187,117,125,98,38,136,137,149,361,103,195,269,60,56,61,794,53,52,26,82,31,68,41,74,63,76,44,30,19,29,37,75
23,313,235,33,102,20,82,64,119,76,124,268,291,26,7,34,124,197,183,20,33,319,47,73,76,146,59,183,155,149,81,59,148,127,108,60,151,84,20,42,24,129,23,46,111,217,127,70,79,158,35,176,51,37,56,36,10,80,54,66,31,166,164,191,144,177,155,88,124,72,129,123,114,44,214,85,201,108,19,64,278,155,154,34,90,176,185,81,210,71,286,127,126,112,67,70,296,86,181,157,205,205,293,204,136,170,99,51,137,34,309,67,222,26,145,76,77,44,21,148,91,55,252,56,145,278,19,22,31,219,28,21,22,59,27,34,15,34,41,35,9,33,13,13,22,46
