40.972340,-73.532188,2013-09-19 00:00:00,2013-09-19 23:59:59
40.597392,-74.365290,2013-09-19 00:00:00,2013-09-19 23:59:59
40.154814,-74.370951,2013-09-19 00:00:00,2013-09-19 23:59:59
40.473048,-73.820736,2013-09-19 00:00:00,2013-09-19 23:59:59
40.752127,-74.483636,2013-09-19 00:00:00,2013-09-19 23:59:59
40.207055,-73.581336,2013-09-19 00:00:00,2013-09-19 23:59:59
40.815837,-74.285306,2013-09-19 00:00:00,2013-09-19 23:59:59
40.600736,-74.236023,2013-09-19 00:00:00,2013-09-19 23:59:59
40.610488,-73.354230,2013-09-19 00:00:00,2013-09-19 23:59:59
40.210593,-73.229042,2013-09-19 00:00:00,2013-09-19 23:59:59
40.866924,-73.797743,2013-09-19 00:00:00,2013-09-19 23:59:59
40.528887,-73.981390,2013-09-19 00:00:00,2013-09-19 23:59:59
40.201840,-73.051871,2013-09-19 00:00:00,2013-09-19 23:59:59
40.829981,-73.586942,2013-09-19 00:00:00,2013-09-19 23:59:59
40.191163,-74.016304,2013-09-19 00:00:00,2013-09-19 23:59:59
40.900998,-73.484086,2013-09-19 00:00:00,2013-09-19 23:59:59
40.617061,-73.100575,2013-09-19 00:00:00,2013-09-19 23:59:59
40.173175,-73.842083,2013-09-19 00:00:00,2013-09-19 23:59:59
40.221866,-73.884788,2013-09-19 00:00:00,2013-09-19 23:59:59
40.349396,-73.442872,2013-09-19 00:00:00,2013-09-19 23:59:59
40.896922,-73.678785,2013-09-19 00:00:00,2013-09-19 23:59:59
40.483766,-73.083647,2013-09-19 00:00:00,2013-09-19 23:59:59
40.610334,-73.797313,2013-09-19 00:00:00,2013-09-19 23:59:59
40.610643,-73.973335,2013-09-19 00:00:00,2013-09-19 23:59:59
40.534845,-74.355610,2013-09-19 00:00:00,2013-09-19 23:59:59
40.443437,-73.246919,2013-09-19 00:00:00,2013-09-19 23:59:59
40.775516,-74.329741,2013-09-19 00:00:00,2013-09-19 23:59:59
40.367575,-73.075614,2013-09-19 00:00:00,2013-09-19 23:59:59
40.816633,-73.519088,2013-09-19 00:00:00,2013-09-19 23:59:59
40.937363,-73.407992,2013-09-19 00:00:00,2013-09-19 23:59:59
40.308226,-74.394591,2013-09-19 00:00:00,2013-09-19 23:59:59
40.353114,-73.137430,2013-09-19 00:00:00,2013-09-19 23:59:59
40.094829,-74.115657,2013-09-19 00:00:00,2013-09-19 23:59:59
40.942726,-74.454608,2013-09-19 00:00:00,2013-09-19 23:59:59
40.452562,-74.251086,2013-09-19 00:00:00,2013-09-19 23:59:59
40.501021,-73.810328,2013-09-19 00:00:00,2013-09-19 23:59:59
40.345369,-73.944942,2013-09-19 00:00:00,2013-09-19 23:59:59
40.450493,-73.783508,2013-09-19 00:00:00,2013-09-19 23:59:59
40.137200,-73.426972,2013-09-19 00:00:00,2013-09-19 23:59:59
40.178733,-74.221995,2013-09-19 00:00:00,2013-09-19 23:59:59
40.604173,-73.879015,2013-09-19 00:00:00,2013-09-19 23:59:59
40.580612,-74.299701,2013-09-19 00:00:00,2013-09-19 23:59:59
40.279202,-74.233753,2013-09-19 00:00:00,2013-09-19 23:59:59
40.787461,-74.112569,2013-09-19 00:00:00,2013-09-19 23:59:59
40.131337,-74.000265,2013-09-19 00:00:00,2013-09-19 23:59:59
40.300784,-73.118030,2013-09-19 00:00:00,2013-09-19 23:59:59
40.333004,-74.181981,2013-09-19 00:00:00,2013-09-19 23:59:59
40.264679,-73.607815,2013-09-19 00:00:00,2013-09-19 23:59:59
40.400586,-73.777017,2013-09-19 00:00:00,2013-09-19 23:59:59
40.408972,-74.492433,2013-09-19 00:00:00,2013-09-19 23:59:59
40.307245,-73.728239,2013-09-19 00:00:00,2013-09-19 23:59:59
40.274186,-73.967063,2013-09-19 00:00:00,2013-09-19 23:59:59
40.261632,-74.021042,2013-09-19 00:00:00,2013-09-19 23:59:59
40.689798,-73.623283,2013-09-19 00:00:00,2013-09-19 23:59:59
40.722076,-74.410464,2013-09-19 00:00:00,2013-09-19 23:59:59
40.118876,-73.768799,2013-09-19 00:00:00,2013-09-19 23:59:59
40.873108,-73.496103,2013-09-19 00:00:00,2013-09-19 23:59:59
40.404982,-73.118200,2013-09-19 00:00:00,2013-09-19 23:59:59
40.229623,-73.553245,2013-09-19 00:00:00,2013-09-19 23:59:59
40.661391,-74.121800,2013-09-19 00:00:00,2013-09-19 23:59:59
40.253723,-73.671661,2013-09-19 00:00:00,2013-09-19 23:59:59
40.527984,-73.506730,2013-09-19 00:00:00,2013-09-19 23:59:59
40.870255,-73.349737,2013-09-19 00:00:00,2013-09-19 23:59:59
40.787791,-73.114704,2013-09-19 00:00:00,2013-09-19 23:59:59
40.549298,-73.240911,2013-09-19 00:00:00,2013-09-19 23:59:59
40.383009,-73.334278,2013-09-19 00:00:00,2013-09-19 23:59:59
40.187304,-73.751836,2013-09-19 00:00:00,2013-09-19 23:59:59
40.199424,-74.341899,2013-09-19 00:00:00,2013-09-19 23:59:59
40.363345,-74.147254,2013-09-19 00:00:00,2013-09-19 23:59:59
40.598518,-73.485685,2013-09-19 00:00:00,2013-09-19 23:59:59
40.672905,-73.725250,2013-09-19 00:00:00,2013-09-19 23:59:59
40.568129,-73.968634,2013-09-19 00:00:00,2013-09-19 23:59:59
40.748831,-73.988379,2013-09-19 00:00:00,2013-09-19 23:59:59
40.535415,-74.013833,2013-09-19 00:00:00,2013-09-19 23:59:59
40.267612,-73.551110,2013-09-19 00:00:00,2013-09-19 23:59:59
40.339938,-74.423231,2013-09-19 00:00:00,2013-09-19 23:59:59
40.708800,-73.292065,2013-09-19 00:00:00,2013-09-19 23:59:59
40.600061,-73.873694,2013-09-19 00:00:00,2013-09-19 23:59:59
40.886433,-73.480763,2013-09-19 00:00:00,2013-09-19 23:59:59
40.722442,-73.429295,2013-09-19 00:00:00,2013-09-19 23:59:59
40.303496,-73.282868,2013-09-19 00:00:00,2013-09-19 23:59:59
40.102266,-73.087175,2013-09-19 00:00:00,2013-09-19 23:59:59
40.193958,-74.175384,2013-09-19 00:00:00,2013-09-19 23:59:59
40.640952,-74.215812,2013-09-19 00:00:00,2013-09-19 23:59:59
40.711654,-73.883823,2013-09-19 00:00:00,2013-09-19 23:59:59
40.568425,-73.489183,2013-09-19 00:00:00,2013-09-19 23:59:59
40.101224,-73.487045,2013-09-19 00:00:00,2013-09-19 23:59:59
40.698644,-73.868021,2013-09-19 00:00:00,2013-09-19 23:59:59
40.843605,-73.822295,2013-09-19 00:00:00,2013-09-19 23:59:59
40.669945,-73.830287,2013-09-19 00:00:00,2013-09-19 23:59:59
40.706975,-73.262897,2013-09-19 00:00:00,2013-09-19 23:59:59
40.425816,-73.406959,2013-09-19 00:00:00,2013-09-19 23:59:59
40.353856,-74.334140,2013-09-19 00:00:00,2013-09-19 23:59:59
40.177132,-74.136364,2013-09-19 00:00:00,2013-09-19 23:59:59
40.655979,-73.479080,2013-09-19 00:00:00,2013-09-19 23:59:59
40.353428,-73.310561,2013-09-19 00:00:00,2013-09-19 23:59:59
40.150808,-74.085288,2013-09-19 00:00:00,2013-09-19 23:59:59
40.598673,-73.850625,2013-09-19 00:00:00,2013-09-19 23:59:59
40.137053,-74.136028,2013-09-19 00:00:00,2013-09-19 23:59:59
40.696083,-73.314214,2013-09-19 00:00:00,2013-09-19 23:59:59
40.751250,-74.054918,2013-09-19 00:00:00,2013-09-19 23:59:59
40.416895,-73.408416,2013-09-19 00:00:00,2013-09-19 23:59:59
40.993453,-73.471793,2013-09-19 00:00:00,2013-09-19 23:59:59
40.679591,-73.953642,2013-09-19 00:00:00,2013-09-19 23:59:59
40.077311,-73.249347,2013-09-19 00:00:00,2013-09-19 23:59:59
40.078937,-73.520172,2013-09-19 00:00:00,2013-09-19 23:59:59
40.668289,-73.175030,2013-09-19 00:00:00,2013-09-19 23:59:59
40.798290,-73.938033,2013-09-19 00:00:00,2013-09-19 23:59:59
40.543499,-73.240775,2013-09-19 00:00:00,2013-09-19 23:59:59
40.153997,-73.562928,2013-09-19 00:00:00,2013-09-19 23:59:59
40.957611,-73.904295,2013-09-19 00:00:00,2013-09-19 23:59:59
40.537267,-73.566281,2013-09-19 00:00:00,2013-09-19 23:59:59
40.531505,-73.150035,2013-09-19 00:00:00,2013-09-19 23:59:59
40.316821,-73.105766,2013-09-19 00:00:00,2013-09-19 23:59:59
40.793840,-74.045278,2013-09-19 00:00:00,2013-09-19 23:59:59
40.344641,-73.024239,2013-09-19 00:00:00,2013-09-19 23:59:59
40.600415,-73.817484,2013-09-19 00:00:00,2013-09-19 23:59:59
40.067572,-74.219602,2013-09-19 00:00:00,2013-09-19 23:59:59
40.532180,-73.762635,2013-09-19 00:00:00,2013-09-19 23:59:59
40.889064,-73.525880,2013-09-19 00:00:00,2013-09-19 23:59:59
40.029994,-73.531171,2013-09-19 00:00:00,2013-09-19 23:59:59
40.348248,-74.346688,2013-09-19 00:00:00,2013-09-19 23:59:59
40.462683,-74.028034,2013-09-19 00:00:00,2013-09-19 23:59:59
40.887597,-73.886243,2013-09-19 00:00:00,2013-09-19 23:59:59
40.544694,-73.306431,2013-09-19 00:00:00,2013-09-19 23:59:59
40.465804,-73.630232,2013-09-19 00:00:00,2013-09-19 23:59:59
40.520613,-73.431077,2013-09-19 00:00:00,2013-09-19 23:59:59
40.039109,-74.239074,2013-09-19 00:00:00,2013-09-19 23:59:59
40.316039,-73.336043,2013-09-19 00:00:00,2013-09-19 23:59:59
40.982126,-73.729522,2013-09-19 00:00:00,2013-09-19 23:59:59
40.417776,-74.204728,2013-09-19 00:00:00,2013-09-19 23:59:59
40.848375,-74.237029,2013-09-19 00:00:00,2013-09-19 23:59:59
40.591057,-73.355085,2013-09-19 00:00:00,2013-09-19 23:59:59
40.481025,-73.270943,2013-09-19 00:00:00,2013-09-19 23:59:59
40.667456,-74.021886,2013-09-19 00:00:00,2013-09-19 23:59:59
40.375999,-73.697352,2013-09-19 00:00:00,2013-09-19 23:59:59
40.544396,-74.289642,2013-09-19 00:00:00,2013-09-19 23:59:59
40.372398,-73.710278,2013-09-19 00:00:00,2013-09-19 23:59:59
40.225633,-73.744753,2013-09-19 00:00:00,2013-09-19 23:59:59
40.199352,-74.280905,2013-09-19 00:00:00,2013-09-19 23:59:59
40.201800,-73.683488,2013-09-19 00:00:00,2013-09-19 23:59:59
40.143716,-73.006692,2013-09-19 00:00:00,2013-09-19 23:59:59
40.721122,-73.933630,2013-09-19 00:00:00,2013-09-19 23:59:59
40.119655,-74.417440,2013-09-19 00:00:00,2013-09-19 23:59:59
40.532577,-74.021904,2013-09-19 00:00:00,2013-09-19 23:59:59
40.718999,-73.633775,2013-09-19 00:00:00,2013-09-19 23:59:59
40.497301,-73.046779,2013-09-19 00:00:00,2013-09-19 23:59:59
40.400374,-73.315019,2013-09-19 00:00:00,2013-09-19 23:59:59
40.058748,-73.196755,2013-09-19 00:00:00,2013-09-19 23:59:59
40.835422,-74.078043,2013-09-19 00:00:00,2013-09-19 23:59:59
40.938077,-73.888003,2013-09-19 00:00:00,2013-09-19 23:59:59
40.572087,-74.016448,2013-09-19 00:00:00,2013-09-19 23:59:59
40.578498,-73.481973,2013-09-19 00:00:00,2013-09-19 23:59:59
40.597726,-74.100297,2013-09-19 00:00:00,2013-09-19 23:59:59
40.800747,-74.483576,2013-09-19 00:00:00,2013-09-19 23:59:59
40.088970,-73.590643,2013-09-19 00:00:00,2013-09-19 23:59:59
40.851614,-73.013595,2013-09-19 00:00:00,2013-09-19 23:59:59
40.620569,-74.160202,2013-09-19 00:00:00,2013-09-19 23:59:59
40.528419,-73.195161,2013-09-19 00:00:00,2013-09-19 23:59:59
40.372064,-73.171790,2013-09-19 00:00:00,2013-09-19 23:59:59
40.344547,-73.893475,2013-09-19 00:00:00,2013-09-19 23:59:59
40.419002,-73.029514,2013-09-19 00:00:00,2013-09-19 23:59:59
40.764640,-74.000363,2013-09-19 00:00:00,2013-09-19 23:59:59
40.024479,-74.184219,2013-09-19 00:00:00,2013-09-19 23:59:59
40.382767,-73.160843,2013-09-19 00:00:00,2013-09-19 23:59:59
40.957187,-73.244315,2013-09-19 00:00:00,2013-09-19 23:59:59
40.542880,-74.497565,2013-09-19 00:00:00,2013-09-19 23:59:59
40.253689,-73.215860,2013-09-19 00:00:00,2013-09-19 23:59:59
40.308056,-73.000812,2013-09-19 00:00:00,2013-09-19 23:59:59
40.515558,-73.671664,2013-09-19 00:00:00,2013-09-19 23:59:59
40.873556,-74.316661,2013-09-19 00:00:00,2013-09-19 23:59:59
40.786075,-73.628177,2013-09-19 00:00:00,2013-09-19 23:59:59
40.488407,-74.184013,2013-09-19 00:00:00,2013-09-19 23:59:59
40.286541,-73.091043,2013-09-19 00:00:00,2013-09-19 23:59:59
40.701219,-73.742357,2013-09-19 00:00:00,2013-09-19 23:59:59
40.808877,-73.115482,2013-09-19 00:00:00,2013-09-19 23:59:59
40.278173,-73.356468,2013-09-19 00:00:00,2013-09-19 23:59:59
40.359016,-73.816004,2013-09-19 00:00:00,2013-09-19 23:59:59
40.454579,-73.981668,2013-09-19 00:00:00,2013-09-19 23:59:59
40.724701,-73.051506,2013-09-19 00:00:00,2013-09-19 23:59:59
40.276138,-73.923861,2013-09-19 00:00:00,2013-09-19 23:59:59
40.001666,-74.006389,2013-09-19 00:00:00,2013-09-19 23:59:59
40.662029,-73.632237,2013-09-19 00:00:00,2013-09-19 23:59:59
40.753749,-74.086121,2013-09-19 00:00:00,2013-09-19 23:59:59
40.479146,-73.399336,2013-09-19 00:00:00,2013-09-19 23:59:59
40.405374,-74.446527,2013-09-19 00:00:00,2013-09-19 23:59:59
40.355305,-73.533151,2013-09-19 00:00:00,2013-09-19 23:59:59
40.668915,-73.080108,2013-09-19 00:00:00,2013-09-19 23:59:59
40.178962,-73.708969,2013-09-19 00:00:00,2013-09-19 23:59:59
40.294813,-74.189798,2013-09-19 00:00:00,2013-09-19 23:59:59
40.233955,-73.304859,2013-09-19 00:00:00,2013-09-19 23:59:59
40.198921,-73.090859,2013-09-19 00:00:00,2013-09-19 23:59:59
40.700013,-73.574052,2013-09-19 00:00:00,2013-09-19 23:59:59
40.069406,-74.094942,2013-09-19 00:00:00,2013-09-19 23:59:59
40.813264,-74.009853,2013-09-19 00:00:00,2013-09-19 23:59:59
40.884630,-74.246901,2013-09-19 00:00:00,2013-09-19 23:59:59
40.325666,-73.714336,2013-09-19 00:00:00,2013-09-19 23:59:59
40.383792,-73.904524,2013-09-19 00:00:00,2013-09-19 23:59:59
40.028303,-73.990748,2013-09-19 00:00:00,2013-09-19 23:59:59
40.423708,-74.474140,2013-09-19 00:00:00,2013-09-19 23:59:59
40.010697,-74.241354,2013-09-19 00:00:00,2013-09-19 23:59:59
40.327964,-73.640922,2013-09-19 00:00:00,2013-09-19 23:59:59
40.016738,-73.067406,2013-09-19 00:00:00,2013-09-19 23:59:59
40.788776,-74.161702,2013-09-19 00:00:00,2013-09-19 23:59:59
40.727618,-73.235997,2013-09-19 00:00:00,2013-09-19 23:59:59
40.617235,-73.220256,2013-09-19 00:00:00,2013-09-19 23:59:59
40.053074,-74.399728,2013-09-19 00:00:00,2013-09-19 23:59:59
40.654229,-73.980279,2013-09-19 00:00:00,2013-09-19 23:59:59
40.544503,-73.629450,2013-09-19 00:00:00,2013-09-19 23:59:59
40.452184,-74.309617,2013-09-19 00:00:00,2013-09-19 23:59:59
40.856987,-74.447778,2013-09-19 00:00:00,2013-09-19 23:59:59
40.916853,-74.190861,2013-09-19 00:00:00,2013-09-19 23:59:59
40.781978,-73.631649,2013-09-19 00:00:00,2013-09-19 23:59:59
40.958749,-73.078018,2013-09-19 00:00:00,2013-09-19 23:59:59
40.748387,-73.085864,2013-09-19 00:00:00,2013-09-19 23:59:59
40.345420,-74.406737,2013-09-19 00:00:00,2013-09-19 23:59:59
40.847032,-74.076402,2013-09-19 00:00:00,2013-09-19 23:59:59
40.368602,-74.116432,2013-09-19 00:00:00,2013-09-19 23:59:59
40.371887,-74.052218,2013-09-19 00:00:00,2013-09-19 23:59:59
40.644399,-73.896675,2013-09-19 00:00:00,2013-09-19 23:59:59
40.591302,-74.177293,2013-09-19 00:00:00,2013-09-19 23:59:59
40.349990,-74.427327,2013-09-19 00:00:00,2013-09-19 23:59:59
40.963321,-74.040925,2013-09-19 00:00:00,2013-09-19 23:59:59
40.466953,-73.642157,2013-09-19 00:00:00,2013-09-19 23:59:59
40.291490,-73.313534,2013-09-19 00:00:00,2013-09-19 23:59:59
40.149173,-74.009071,2013-09-19 00:00:00,2013-09-19 23:59:59
40.380971,-74.367726,2013-09-19 00:00:00,2013-09-19 23:59:59
40.162365,-73.486559,2013-09-19 00:00:00,2013-09-19 23:59:59
40.599564,-73.589893,2013-09-19 00:00:00,2013-09-19 23:59:59
40.452633,-73.185620,2013-09-19 00:00:00,2013-09-19 23:59:59
40.374159,-73.766357,2013-09-19 00:00:00,2013-09-19 23:59:59
40.293063,-73.839177,2013-09-19 00:00:00,2013-09-19 23:59:59
40.060409,-73.039841,2013-09-19 00:00:00,2013-09-19 23:59:59
40.130201,-73.456848,2013-09-19 00:00:00,2013-09-19 23:59:59
40.811868,-73.997037,2013-09-19 00:00:00,2013-09-19 23:59:59
40.206389,-73.021981,2013-09-19 00:00:00,2013-09-19 23:59:59
40.044574,-73.466055,2013-09-19 00:00:00,2013-09-19 23:59:59
40.269256,-74.269949,2013-09-19 00:00:00,2013-09-19 23:59:59
40.844032,-74.073777,2013-09-19 00:00:00,2013-09-19 23:59:59
40.196277,-73.471994,2013-09-19 00:00:00,2013-09-19 23:59:59
40.193775,-74.037428,2013-09-19 00:00:00,2013-09-19 23:59:59
40.160169,-74.237261,2013-09-19 00:00:00,2013-09-19 23:59:59
40.218165,-73.542120,2013-09-19 00:00:00,2013-09-19 23:59:59
40.039986,-73.637173,2013-09-19 00:00:00,2013-09-19 23:59:59
40.726813,-73.886712,2013-09-19 00:00:00,2013-09-19 23:59:59
40.143122,-74.450936,2013-09-19 00:00:00,2013-09-19 23:59:59
40.223981,-73.363980,2013-09-19 00:00:00,2013-09-19 23:59:59
40.945055,-73.028706,2013-09-19 00:00:00,2013-09-19 23:59:59
40.203558,-73.577954,2013-09-19 00:00:00,2013-09-19 23:59:59
40.476482,-73.669831,2013-09-19 00:00:00,2013-09-19 23:59:59
40.988660,-73.091194,2013-09-19 00:00:00,2013-09-19 23:59:59
40.191633,-74.017593,2013-09-19 00:00:00,2013-09-19 23:59:59
40.594663,-73.937836,2013-09-19 00:00:00,2013-09-19 23:59:59
40.636874,-73.279001,2013-09-19 00:00:00,2013-09-19 23:59:59
40.095417,-73.134457,2013-09-19 00:00:00,2013-09-19 23:59:59
40.005332,-74.088414,2013-09-19 00:00:00,2013-09-19 23:59:59
40.754652,-73.370099,2013-09-19 00:00:00,2013-09-19 23:59:59
40.711110,-73.547213,2013-09-19 00:00:00,2013-09-19 23:59:59
40.748031,-74.059253,2013-09-19 00:00:00,2013-09-19 23:59:59
40.445773,-73.388169,2013-09-19 00:00:00,2013-09-19 23:59:59
40.646054,-73.397154,2013-09-19 00:00:00,2013-09-19 23:59:59
40.790134,-73.832844,2013-09-19 00:00:00,2013-09-19 23:59:59
40.953989,-73.465440,2013-09-19 00:00:00,2013-09-19 23:59:59
40.345969,-74.033088,2013-09-19 00:00:00,2013-09-19 23:59:59
40.912221,-73.298044,2013-09-19 00:00:00,2013-09-19 23:59:59
40.525139,-74.013566,2013-09-19 00:00:00,2013-09-19 23:59:59
40.448903,-74.132121,2013-09-19 00:00:00,2013-09-19 23:59:59
40.587712,-74.261291,2013-09-19 00:00:00,2013-09-19 23:59:59
40.646507,-73.336889,2013-09-19 00:00:00,2013-09-19 23:59:59
40.256007,-74.040210,2013-09-19 00:00:00,2013-09-19 23:59:59
40.334857,-73.234450,2013-09-19 00:00:00,2013-09-19 23:59:59
40.248110,-73.644202,2013-09-19 00:00:00,2013-09-19 23:59:59
40.455446,-74.200961,2013-09-19 00:00:00,2013-09-19 23:59:59
40.372234,-74.140191,2013-09-19 00:00:00,2013-09-19 23:59:59
40.655331,-74.064005,2013-09-19 00:00:00,2013-09-19 23:59:59
40.402435,-73.694587,2013-09-19 00:00:00,2013-09-19 23:59:59
40.163594,-73.392515,2013-09-19 00:00:00,2013-09-19 23:59:59
40.816495,-73.320900,2013-09-19 00:00:00,2013-09-19 23:59:59
40.379377,-74.309370,2013-09-19 00:00:00,2013-09-19 23:59:59
40.618444,-74.334135,2013-09-19 00:00:00,2013-09-19 23:59:59
40.757690,-73.943533,2013-09-19 00:00:00,2013-09-19 23:59:59
40.891000,-73.948432,2013-09-19 00:00:00,2013-09-19 23:59:59
40.517681,-73.078577,2013-09-19 00:00:00,2013-09-19 23:59:59
40.427317,-73.808446,2013-09-19 00:00:00,2013-09-19 23:59:59
40.417793,-73.947518,2013-09-19 00:00:00,2013-09-19 23:59:59
40.776809,-74.302064,2013-09-19 00:00:00,2013-09-19 23:59:59
40.343185,-73.970029,2013-09-19 00:00:00,2013-09-19 23:59:59
40.306377,-73.262334,2013-09-19 00:00:00,2013-09-19 23:59:59
40.733052,-74.027469,2013-09-19 00:00:00,2013-09-19 23:59:59
40.426250,-74.129850,2013-09-19 00:00:00,2013-09-19 23:59:59
40.938920,-73.123567,2013-09-19 00:00:00,2013-09-19 23:59:59
40.958747,-73.313325,2013-09-19 00:00:00,2013-09-19 23:59:59
40.449758,-73.484189,2013-09-19 00:00:00,2013-09-19 23:59:59
40.738600,-74.355749,2013-09-19 00:00:00,2013-09-19 23:59:59
40.545693,-73.308302,2013-09-19 00:00:00,2013-09-19 23:59:59
40.925102,-73.586248,2013-09-19 00:00:00,2013-09-19 23:59:59
40.349346,-73.494058,2013-09-19 00:00:00,2013-09-19 23:59:59
40.179190,-74.213653,2013-09-19 00:00:00,2013-09-19 23:59:59
40.432313,-73.228869,2013-09-19 00:00:00,2013-09-19 23:59:59
40.812660,-73.796806,2013-09-19 00:00:00,2013-09-19 23:59:59
40.103993,-73.850419,2013-09-19 00:00:00,2013-09-19 23:59:59
40.252084,-73.208720,2013-09-19 00:00:00,2013-09-19 23:59:59
40.260983,-73.856728,2013-09-19 00:00:00,2013-09-19 23:59:59
40.676588,-73.097019,2013-09-19 00:00:00,2013-09-19 23:59:59
40.207473,-73.367716,2013-09-19 00:00:00,2013-09-19 23:59:59
40.486495,-74.431400,2013-09-19 00:00:00,2013-09-19 23:59:59
40.170529,-74.218167,2013-09-19 00:00:00,2013-09-19 23:59:59
40.338965,-73.020427,2013-09-19 00:00:00,2013-09-19 23:59:59
40.328927,-73.192517,2013-09-19 00:00:00,2013-09-19 23:59:59
40.847081,-73.374539,2013-09-19 00:00:00,2013-09-19 23:59:59
40.050122,-73.695639,2013-09-19 00:00:00,2013-09-19 23:59:59
40.680460,-73.989949,2013-09-19 00:00:00,2013-09-19 23:59:59
40.687202,-74.390569,2013-09-19 00:00:00,2013-09-19 23:59:59
40.728301,-73.028963,2013-09-19 00:00:00,2013-09-19 23:59:59
40.726145,-73.524074,2013-09-19 00:00:00,2013-09-19 23:59:59
40.189891,-74.476279,2013-09-19 00:00:00,2013-09-19 23:59:59
40.293406,-74.304036,2013-09-19 00:00:00,2013-09-19 23:59:59
40.942956,-74.157917,2013-09-19 00:00:00,2013-09-19 23:59:59
40.034865,-74.288812,2013-09-19 00:00:00,2013-09-19 23:59:59
40.306801,-74.019726,2013-09-19 00:00:00,2013-09-19 23:59:59
40.159362,-73.298034,2013-09-19 00:00:00,2013-09-19 23:59:59
40.365102,-73.275763,2013-09-19 00:00:00,2013-09-19 23:59:59
40.003562,-73.356789,2013-09-19 00:00:00,2013-09-19 23:59:59
40.342235,-73.453364,2013-09-19 00:00:00,2013-09-19 23:59:59
40.819579,-73.140629,2013-09-19 00:00:00,2013-09-19 23:59:59
40.137468,-73.481326,2013-09-19 00:00:00,2013-09-19 23:59:59
40.612779,-73.297627,2013-09-19 00:00:00,2013-09-19 23:59:59
40.012847,-74.290416,2013-09-19 00:00:00,2013-09-19 23:59:59
40.764435,-73.385429,2013-09-19 00:00:00,2013-09-19 23:59:59
40.603549,-73.921265,2013-09-19 00:00:00,2013-09-19 23:59:59
40.862333,-74.476264,2013-09-19 00:00:00,2013-09-19 23:59:59
40.873512,-74.363723,2013-09-19 00:00:00,2013-09-19 23:59:59
40.632198,-73.250903,2013-09-19 00:00:00,2013-09-19 23:59:59
40.374526,-73.783881,2013-09-19 00:00:00,2013-09-19 23:59:59
40.113767,-74.123752,2013-09-19 00:00:00,2013-09-19 23:59:59
40.183593,-74.430225,2013-09-19 00:00:00,2013-09-19 23:59:59
40.257558,-74.115589,2013-09-19 00:00:00,2013-09-19 23:59:59
40.191164,-73.848738,2013-09-19 00:00:00,2013-09-19 23:59:59
40.931879,-74.317895,2013-09-19 00:00:00,2013-09-19 23:59:59
40.992016,-74.078324,2013-09-19 00:00:00,2013-09-19 23:59:59
40.924324,-74.373300,2013-09-19 00:00:00,2013-09-19 23:59:59
40.490852,-73.242486,2013-09-19 00:00:00,2013-09-19 23:59:59
40.897996,-73.930331,2013-09-19 00:00:00,2013-09-19 23:59:59
40.476312,-73.901020,2013-09-19 00:00:00,2013-09-19 23:59:59
40.419931,-73.517506,2013-09-19 00:00:00,2013-09-19 23:59:59
40.839945,-73.676290,2013-09-19 00:00:00,2013-09-19 23:59:59
40.117637,-73.221724,2013-09-19 00:00:00,2013-09-19 23:59:59
40.820788,-73.522724,2013-09-19 00:00:00,2013-09-19 23:59:59
40.739435,-73.448993,2013-09-19 00:00:00,2013-09-19 23:59:59
40.641545,-73.065242,2013-09-19 00:00:00,2013-09-19 23:59:59
40.395239,-74.391698,2013-09-19 00:00:00,2013-09-19 23:59:59
40.168969,-74.192621,2013-09-19 00:00:00,2013-09-19 23:59:59
40.536629,-73.625978,2013-09-19 00:00:00,2013-09-19 23:59:59
40.778898,-73.555156,2013-09-19 00:00:00,2013-09-19 23:59:59
40.298587,-73.015153,2013-09-19 00:00:00,2013-09-19 23:59:59
40.435486,-73.282490,2013-09-19 00:00:00,2013-09-19 23:59:59
40.669947,-74.300790,2013-09-19 00:00:00,2013-09-19 23:59:59
40.104555,-73.107127,2013-09-19 00:00:00,2013-09-19 23:59:59
40.585613,-73.921603,2013-09-19 00:00:00,2013-09-19 23:59:59
40.012547,-73.651858,2013-09-19 00:00:00,2013-09-19 23:59:59
40.440822,-73.212276,2013-09-19 00:00:00,2013-09-19 23:59:59
40.935453,-73.915260,2013-09-19 00:00:00,2013-09-19 23:59:59
40.716209,-73.199181,2013-09-19 00:00:00,2013-09-19 23:59:59
40.656165,-73.468388,2013-09-19 00:00:00,2013-09-19 23:59:59
40.372131,-73.728065,2013-09-19 00:00:00,2013-09-19 23:59:59
40.964068,-73.057938,2013-09-19 00:00:00,2013-09-19 23:59:59
40.421732,-73.629950,2013-09-19 00:00:00,2013-09-19 23:59:59
40.087281,-73.696389,2013-09-19 00:00:00,2013-09-19 23:59:59
40.624405,-74.055830,2013-09-19 00:00:00,2013-09-19 23:59:59
40.245807,-73.908042,2013-09-19 00:00:00,2013-09-19 23:59:59
40.554829,-74.488153,2013-09-19 00:00:00,2013-09-19 23:59:59
40.092960,-74.091335,2013-09-19 00:00:00,2013-09-19 23:59:59
40.397448,-74.267694,2013-09-19 00:00:00,2013-09-19 23:59:59
40.172786,-73.952497,2013-09-19 00:00:00,2013-09-19 23:59:59
40.692263,-73.758058,2013-09-19 00:00:00,2013-09-19 23:59:59
40.162793,-73.163290,2013-09-19 00:00:00,2013-09-19 23:59:59
40.915025,-73.006920,2013-09-19 00:00:00,2013-09-19 23:59:59
40.594156,-74.296545,2013-09-19 00:00:00,2013-09-19 23:59:59
40.213382,-73.953023,2013-09-19 00:00:00,2013-09-19 23:59:59
40.945680,-73.697123,2013-09-19 00:00:00,2013-09-19 23:59:59
40.840280,-73.371014,2013-09-19 00:00:00,2013-09-19 23:59:59
40.493126,-73.253128,2013-09-19 00:00:00,2013-09-19 23:59:59
40.826887,-73.342431,2013-09-19 00:00:00,2013-09-19 23:59:59
40.062139,-74.042408,2013-09-19 00:00:00,2013-09-19 23:59:59
40.219524,-73.590400,2013-09-19 00:00:00,2013-09-19 23:59:59
40.880847,-73.542776,2013-09-19 00:00:00,2013-09-19 23:59:59
40.768573,-73.518134,2013-09-19 00:00:00,2013-09-19 23:59:59
40.057303,-73.010899,2013-09-19 00:00:00,2013-09-19 23:59:59
40.302075,-73.246793,2013-09-19 00:00:00,2013-09-19 23:59:59
40.817312,-73.754394,2013-09-19 00:00:00,2013-09-19 23:59:59
40.142668,-73.857046,2013-09-19 00:00:00,2013-09-19 23:59:59
40.529757,-73.844474,2013-09-19 00:00:00,2013-09-19 23:59:59
40.833781,-74.400420,2013-09-19 00:00:00,2013-09-19 23:59:59
40.719423,-74.342326,2013-09-19 00:00:00,2013-09-19 23:59:59
40.129456,-74.061519,2013-09-19 00:00:00,2013-09-19 23:59:59
40.721379,-73.841423,2013-09-19 00:00:00,2013-09-19 23:59:59
40.671896,-73.120218,2013-09-19 00:00:00,2013-09-19 23:59:59
40.366386,-74.060103,2013-09-19 00:00:00,2013-09-19 23:59:59
40.031826,-74.084159,2013-09-19 00:00:00,2013-09-19 23:59:59
40.103327,-73.853995,2013-09-19 00:00:00,2013-09-19 23:59:59
40.818965,-74.036172,2013-09-19 00:00:00,2013-09-19 23:59:59
40.262588,-74.356255,2013-09-19 00:00:00,2013-09-19 23:59:59
40.383402,-73.868705,2013-09-19 00:00:00,2013-09-19 23:59:59
40.743344,-73.995077,2013-09-19 00:00:00,2013-09-19 23:59:59
40.223370,-73.157898,2013-09-19 00:00:00,2013-09-19 23:59:59
40.268116,-74.382578,2013-09-19 00:00:00,2013-09-19 23:59:59
40.590920,-73.463623,2013-09-19 00:00:00,2013-09-19 23:59:59
40.489529,-74.016898,2013-09-19 00:00:00,2013-09-19 23:59:59
40.944193,-73.828654,2013-09-19 00:00:00,2013-09-19 23:59:59
40.657068,-73.390252,2013-09-19 00:00:00,2013-09-19 23:59:59
40.833492,-73.690048,2013-09-19 00:00:00,2013-09-19 23:59:59
40.255730,-73.949655,2013-09-19 00:00:00,2013-09-19 23:59:59
40.528056,-74.308883,2013-09-19 00:00:00,2013-09-19 23:59:59
40.013816,-74.414195,2013-09-19 00:00:00,2013-09-19 23:59:59
40.191435,-74.170723,2013-09-19 00:00:00,2013-09-19 23:59:59
40.943717,-73.212947,2013-09-19 00:00:00,2013-09-19 23:59:59
40.695591,-73.108447,2013-09-19 00:00:00,2013-09-19 23:59:59
40.627382,-73.771048,2013-09-19 00:00:00,2013-09-19 23:59:59
40.227301,-74.151569,2013-09-19 00:00:00,2013-09-19 23:59:59
40.787292,-73.537905,2013-09-19 00:00:00,2013-09-19 23:59:59
40.685204,-73.311698,2013-09-19 00:00:00,2013-09-19 23:59:59
40.294068,-73.021180,2013-09-19 00:00:00,2013-09-19 23:59:59
40.491776,-73.672526,2013-09-19 00:00:00,2013-09-19 23:59:59
40.153491,-74.162921,2013-09-19 00:00:00,2013-09-19 23:59:59
40.851768,-74.264502,2013-09-19 00:00:00,2013-09-19 23:59:59
40.688519,-73.170103,2013-09-19 00:00:00,2013-09-19 23:59:59
40.677099,-73.769317,2013-09-19 00:00:00,2013-09-19 23:59:59
40.086034,-74.390845,2013-09-19 00:00:00,2013-09-19 23:59:59
40.367935,-73.117392,2013-09-19 00:00:00,2013-09-19 23:59:59
40.713352,-73.509685,2013-09-19 00:00:00,2013-09-19 23:59:59
40.390663,-74.012751,2013-09-19 00:00:00,2013-09-19 23:59:59
40.126180,-74.220566,2013-09-19 00:00:00,2013-09-19 23:59:59
40.125687,-74.343953,2013-09-19 00:00:00,2013-09-19 23:59:59
40.487522,-73.124559,2013-09-19 00:00:00,2013-09-19 23:59:59
40.771449,-74.317242,2013-09-19 00:00:00,2013-09-19 23:59:59
40.196145,-73.890844,2013-09-19 00:00:00,2013-09-19 23:59:59
40.185816,-73.478608,2013-09-19 00:00:00,2013-09-19 23:59:59
40.883582,-74.214112,2013-09-19 00:00:00,2013-09-19 23:59:59
40.421945,-74.075146,2013-09-19 00:00:00,2013-09-19 23:59:59
40.580233,-74.299302,2013-09-19 00:00:00,2013-09-19 23:59:59
40.372954,-73.942936,2013-09-19 00:00:00,2013-09-19 23:59:59
40.773978,-74.005450,2013-09-19 00:00:00,2013-09-19 23:59:59
40.378221,-73.298585,2013-09-19 00:00:00,2013-09-19 23:59:59
40.288842,-73.884461,2013-09-19 00:00:00,2013-09-19 23:59:59
40.863847,-73.954656,2013-09-19 00:00:00,2013-09-19 23:59:59
40.396554,-73.657718,2013-09-19 00:00:00,2013-09-19 23:59:59
40.090803,-74.075387,2013-09-19 00:00:00,2013-09-19 23:59:59
40.340506,-73.683703,2013-09-19 00:00:00,2013-09-19 23:59:59
40.866499,-74.138431,2013-09-19 00:00:00,2013-09-19 23:59:59
40.499412,-73.683188,2013-09-19 00:00:00,2013-09-19 23:59:59
40.639004,-74.270782,2013-09-19 00:00:00,2013-09-19 23:59:59
40.747112,-73.405064,2013-09-19 00:00:00,2013-09-19 23:59:59
40.737854,-73.582618,2013-09-19 00:00:00,2013-09-19 23:59:59
40.175286,-73.035477,2013-09-19 00:00:00,2013-09-19 23:59:59
40.651376,-73.531495,2013-09-19 00:00:00,2013-09-19 23:59:59
40.237469,-73.975740,2013-09-19 00:00:00,2013-09-19 23:59:59
40.137678,-74.211118,2013-09-19 00:00:00,2013-09-19 23:59:59
40.545589,-73.640311,2013-09-19 00:00:00,2013-09-19 23:59:59
40.654929,-73.773886,2013-09-19 00:00:00,2013-09-19 23:59:59
40.004370,-73.155198,2013-09-19 00:00:00,2013-09-19 23:59:59
40.066284,-73.964456,2013-09-19 00:00:00,2013-09-19 23:59:59
40.704281,-73.769210,2013-09-19 00:00:00,2013-09-19 23:59:59
40.825782,-73.962760,2013-09-19 00:00:00,2013-09-19 23:59:59
40.010311,-73.425788,2013-09-19 00:00:00,2013-09-19 23:59:59
40.883771,-73.909242,2013-09-19 00:00:00,2013-09-19 23:59:59
40.581725,-73.781492,2013-09-19 00:00:00,2013-09-19 23:59:59
40.363896,-73.612505,2013-09-19 00:00:00,2013-09-19 23:59:59
40.637018,-74.498733,2013-09-19 00:00:00,2013-09-19 23:59:59
40.658414,-73.020141,2013-09-19 00:00:00,2013-09-19 23:59:59
40.638681,-73.884981,2013-09-19 00:00:00,2013-09-19 23:59:59
40.964550,-73.567188,2013-09-19 00:00:00,2013-09-19 23:59:59
40.713950,-73.398405,2013-09-19 00:00:00,2013-09-19 23:59:59
40.441888,-73.503504,2013-09-19 00:00:00,2013-09-19 23:59:59
40.550597,-73.190819,2013-09-19 00:00:00,2013-09-19 23:59:59
40.109209,-74.241252,2013-09-19 00:00:00,2013-09-19 23:59:59
40.210911,-73.712767,2013-09-19 00:00:00,2013-09-19 23:59:59
40.318955,-74.156795,2013-09-19 00:00:00,2013-09-19 23:59:59
40.292345,-74.462758,2013-09-19 00:00:00,2013-09-19 23:59:59
40.148455,-74.127459,2013-09-19 00:00:00,2013-09-19 23:59:59
40.129956,-73.722868,2013-09-19 00:00:00,2013-09-19 23:59:59
40.329287,-73.882958,2013-09-19 00:00:00,2013-09-19 23:59:59
40.283570,-73.086340,2013-09-19 00:00:00,2013-09-19 23:59:59
40.399615,-74.003713,2013-09-19 00:00:00,2013-09-19 23:59:59
40.381726,-73.249299,2013-09-19 00:00:00,2013-09-19 23:59:59
40.609077,-74.103856,2013-09-19 00:00:00,2013-09-19 23:59:59
40.504810,-74.408340,2013-09-19 00:00:00,2013-09-19 23:59:59
40.731766,-73.895407,2013-09-19 00:00:00,2013-09-19 23:59:59
40.681375,-74.178479,2013-09-19 00:00:00,2013-09-19 23:59:59
40.350090,-74.441934,2013-09-19 00:00:00,2013-09-19 23:59:59
40.744518,-73.721873,2013-09-19 00:00:00,2013-09-19 23:59:59
40.360752,-73.474933,2013-09-19 00:00:00,2013-09-19 23:59:59
40.749248,-73.256673,2013-09-19 00:00:00,2013-09-19 23:59:59
40.423824,-73.664244,2013-09-19 00:00:00,2013-09-19 23:59:59
40.387182,-73.797550,2013-09-19 00:00:00,2013-09-19 23:59:59
40.826889,-74.205005,2013-09-19 00:00:00,2013-09-19 23:59:59
40.351461,-73.864639,2013-09-19 00:00:00,2013-09-19 23:59:59
40.768411,-74.007964,2013-09-19 00:00:00,2013-09-19 23:59:59
40.402660,-73.486079,2013-09-19 00:00:00,2013-09-19 23:59:59
40.377999,-73.657413,2013-09-19 00:00:00,2013-09-19 23:59:59
40.965546,-74.110776,2013-09-19 00:00:00,2013-09-19 23:59:59
40.885949,-73.131561,2013-09-19 00:00:00,2013-09-19 23:59:59
40.446916,-73.042692,2013-09-19 00:00:00,2013-09-19 23:59:59
40.230431,-73.563878,2013-09-19 00:00:00,2013-09-19 23:59:59
40.106311,-73.705683,2013-09-19 00:00:00,2013-09-19 23:59:59
40.047888,-74.060735,2013-09-19 00:00:00,2013-09-19 23:59:59
40.234298,-73.948805,2013-09-19 00:00:00,2013-09-19 23:59:59
40.430739,-73.280624,2013-09-19 00:00:00,2013-09-19 23:59:59
40.597072,-74.206009,2013-09-19 00:00:00,2013-09-19 23:59:59
40.056149,-74.123289,2013-09-19 00:00:00,2013-09-19 23:59:59
40.591513,-73.131277,2013-09-19 00:00:00,2013-09-19 23:59:59
40.290654,-73.973322,2013-09-19 00:00:00,2013-09-19 23:59:59
40.321415,-73.840484,2013-09-19 00:00:00,2013-09-19 23:59:59
40.657622,-74.492052,2013-09-19 00:00:00,2013-09-19 23:59:59
40.853466,-73.604690,2013-09-19 00:00:00,2013-09-19 23:59:59
40.618021,-73.454040,2013-09-19 00:00:00,2013-09-19 23:59:59
40.240651,-74.256027,2013-09-19 00:00:00,2013-09-19 23:59:59
40.959702,-73.580018,2013-09-19 00:00:00,2013-09-19 23:59:59
40.511113,-73.187009,2013-09-19 00:00:00,2013-09-19 23:59:59
40.216350,-73.226843,2013-09-19 00:00:00,2013-09-19 23:59:59
40.712101,-74.146820,2013-09-19 00:00:00,2013-09-19 23:59:59
40.444521,-73.156817,2013-09-19 00:00:00,2013-09-19 23:59:59
40.271479,-73.564038,2013-09-19 00:00:00,2013-09-19 23:59:59
40.375635,-73.923683,2013-09-19 00:00:00,2013-09-19 23:59:59
40.393391,-73.854235,2013-09-19 00:00:00,2013-09-19 23:59:59
40.429523,-73.180680,2013-09-19 00:00:00,2013-09-19 23:59:59
40.940008,-73.603043,2013-09-19 00:00:00,2013-09-19 23:59:59
40.327112,-73.937213,2013-09-19 00:00:00,2013-09-19 23:59:59
40.267895,-74.150508,2013-09-19 00:00:00,2013-09-19 23:59:59
40.072054,-74.465023,2013-09-19 00:00:00,2013-09-19 23:59:59
40.785392,-73.440952,2013-09-19 00:00:00,2013-09-19 23:59:59
40.884586,-73.682183,2013-09-19 00:00:00,2013-09-19 23:59:59
40.576490,-73.044055,2013-09-19 00:00:00,2013-09-19 23:59:59
40.265611,-73.423802,2013-09-19 00:00:00,2013-09-19 23:59:59
40.297045,-73.497504,2013-09-19 00:00:00,2013-09-19 23:59:59
40.745015,-74.042035,2013-09-19 00:00:00,2013-09-19 23:59:59
40.690782,-73.069305,2013-09-19 00:00:00,2013-09-19 23:59:59
40.025406,-73.264769,2013-09-19 00:00:00,2013-09-19 23:59:59
40.495365,-73.188745,2013-09-19 00:00:00,2013-09-19 23:59:59
40.170978,-73.682358,2013-09-19 00:00:00,2013-09-19 23:59:59
40.212950,-73.648963,2013-09-19 00:00:00,2013-09-19 23:59:59
40.210913,-74.124778,2013-09-19 00:00:00,2013-09-19 23:59:59
40.204952,-73.741273,2013-09-19 00:00:00,2013-09-19 23:59:59
40.027705,-74.037831,2013-09-19 00:00:00,2013-09-19 23:59:59
40.837376,-73.741572,2013-09-19 00:00:00,2013-09-19 23:59:59
40.683040,-73.266281,2013-09-19 00:00:00,2013-09-19 23:59:59
40.950933,-74.132599,2013-09-19 00:00:00,2013-09-19 23:59:59
40.397310,-73.404303,2013-09-19 00:00:00,2013-09-19 23:59:59
40.759204,-73.612281,2013-09-19 00:00:00,2013-09-19 23:59:59
40.243592,-73.079148,2013-09-19 00:00:00,2013-09-19 23:59:59
40.388553,-74.308040,2013-09-19 00:00:00,2013-09-19 23:59:59
40.242892,-73.192644,2013-09-19 00:00:00,2013-09-19 23:59:59
40.664997,-73.189703,2013-09-19 00:00:00,2013-09-19 23:59:59
40.954673,-73.256959,2013-09-19 00:00:00,2013-09-19 23:59:59
40.426182,-73.949511,2013-09-19 00:00:00,2013-09-19 23:59:59
40.845164,-74.026006,2013-09-19 00:00:00,2013-09-19 23:59:59
40.590640,-73.096746,2013-09-19 00:00:00,2013-09-19 23:59:59
40.685696,-74.141903,2013-09-19 00:00:00,2013-09-19 23:59:59
40.451906,-74.196624,2013-09-19 00:00:00,2013-09-19 23:59:59
40.984248,-73.487150,2013-09-19 00:00:00,2013-09-19 23:59:59
40.181649,-73.568327,2013-09-19 00:00:00,2013-09-19 23:59:59
40.985644,-74.357432,2013-09-19 00:00:00,2013-09-19 23:59:59
40.323838,-74.345482,2013-09-19 00:00:00,2013-09-19 23:59:59
40.089316,-73.947461,2013-09-19 00:00:00,2013-09-19 23:59:59
40.141039,-73.593835,2013-09-19 00:00:00,2013-09-19 23:59:59
40.628243,-73.972798,2013-09-19 00:00:00,2013-09-19 23:59:59
40.034335,-73.175548,2013-09-19 00:00:00,2013-09-19 23:59:59
40.828714,-74.034296,2013-09-19 00:00:00,2013-09-19 23:59:59
40.899911,-73.747262,2013-09-19 00:00:00,2013-09-19 23:59:59
40.427706,-73.068631,2013-09-19 00:00:00,2013-09-19 23:59:59
40.208247,-73.679991,2013-09-19 00:00:00,2013-09-19 23:59:59
40.863238,-73.918318,2013-09-19 00:00:00,2013-09-19 23:59:59
40.795914,-73.792862,2013-09-19 00:00:00,2013-09-19 23:59:59
40.172702,-73.197682,2013-09-19 00:00:00,2013-09-19 23:59:59
40.845374,-73.099897,2013-09-19 00:00:00,2013-09-19 23:59:59
40.735211,-73.227441,2013-09-19 00:00:00,2013-09-19 23:59:59
40.294731,-73.779252,2013-09-19 00:00:00,2013-09-19 23:59:59
40.776205,-73.859880,2013-09-19 00:00:00,2013-09-19 23:59:59
40.967279,-73.787726,2013-09-19 00:00:00,2013-09-19 23:59:59
40.116020,-73.019033,2013-09-19 00:00:00,2013-09-19 23:59:59
40.039759,-73.459838,2013-09-19 00:00:00,2013-09-19 23:59:59
40.988885,-73.735848,2013-09-19 00:00:00,2013-09-19 23:59:59
40.078616,-73.550426,2013-09-19 00:00:00,2013-09-19 23:59:59
40.884764,-73.367023,2013-09-19 00:00:00,2013-09-19 23:59:59
40.765124,-73.502451,2013-09-19 00:00:00,2013-09-19 23:59:59
40.273683,-74.048001,2013-09-19 00:00:00,2013-09-19 23:59:59
40.603126,-73.247574,2013-09-19 00:00:00,2013-09-19 23:59:59
40.760685,-74.245541,2013-09-19 00:00:00,2013-09-19 23:59:59
40.357201,-74.076096,2013-09-19 00:00:00,2013-09-19 23:59:59
40.689248,-73.543393,2013-09-19 00:00:00,2013-09-19 23:59:59
40.704466,-73.044945,2013-09-19 00:00:00,2013-09-19 23:59:59
40.462016,-73.515740,2013-09-19 00:00:00,2013-09-19 23:59:59
40.599782,-73.527688,2013-09-19 00:00:00,2013-09-19 23:59:59
40.879873,-74.217430,2013-09-19 00:00:00,2013-09-19 23:59:59
40.152011,-73.348894,2013-09-19 00:00:00,2013-09-19 23:59:59
40.613921,-73.447442,2013-09-19 00:00:00,2013-09-19 23:59:59
40.388061,-73.986686,2013-09-19 00:00:00,2013-09-19 23:59:59
40.519595,-73.022599,2013-09-19 00:00:00,2013-09-19 23:59:59
40.141806,-73.571958,2013-09-19 00:00:00,2013-09-19 23:59:59
40.878170,-73.832239,2013-09-19 00:00:00,2013-09-19 23:59:59
40.446584,-73.360491,2013-09-19 00:00:00,2013-09-19 23:59:59
40.808113,-74.431358,2013-09-19 00:00:00,2013-09-19 23:59:59
40.232804,-73.505038,2013-09-19 00:00:00,2013-09-19 23:59:59
40.027215,-74.369701,2013-09-19 00:00:00,2013-09-19 23:59:59
40.836320,-73.808528,2013-09-19 00:00:00,2013-09-19 23:59:59
40.866185,-74.347321,2013-09-19 00:00:00,2013-09-19 23:59:59
40.808561,-74.196583,2013-09-19 00:00:00,2013-09-19 23:59:59
40.935319,-74.133328,2013-09-19 00:00:00,2013-09-19 23:59:59
40.786018,-73.407873,2013-09-19 00:00:00,2013-09-19 23:59:59
40.128152,-73.483879,2013-09-19 00:00:00,2013-09-19 23:59:59
40.724539,-73.364148,2013-09-19 00:00:00,2013-09-19 23:59:59
40.709392,-73.547872,2013-09-19 00:00:00,2013-09-19 23:59:59
40.632991,-73.348339,2013-09-19 00:00:00,2013-09-19 23:59:59
40.079251,-74.454402,2013-09-19 00:00:00,2013-09-19 23:59:59
40.051171,-73.988721,2013-09-19 00:00:00,2013-09-19 23:59:59
40.432193,-73.434704,2013-09-19 00:00:00,2013-09-19 23:59:59
40.908502,-74.119894,2013-09-19 00:00:00,2013-09-19 23:59:59
40.935376,-73.443158,2013-09-19 00:00:00,2013-09-19 23:59:59
40.072846,-73.367214,2013-09-19 00:00:00,2013-09-19 23:59:59
40.240559,-74.306825,2013-09-19 00:00:00,2013-09-19 23:59:59
40.852895,-74.280319,2013-09-19 00:00:00,2013-09-19 23:59:59
40.112927,-73.451095,2013-09-19 00:00:00,2013-09-19 23:59:59
40.952973,-73.023502,2013-09-19 00:00:00,2013-09-19 23:59:59
40.711305,-74.220194,2013-09-19 00:00:00,2013-09-19 23:59:59
40.895624,-73.015977,2013-09-19 00:00:00,2013-09-19 23:59:59
40.586432,-73.735616,2013-09-19 00:00:00,2013-09-19 23:59:59
40.725279,-73.003403,2013-09-19 00:00:00,2013-09-19 23:59:59
40.777463,-73.612998,2013-09-19 00:00:00,2013-09-19 23:59:59
40.885352,-74.333605,2013-09-19 00:00:00,2013-09-19 23:59:59
40.481570,-73.688505,2013-09-19 00:00:00,2013-09-19 23:59:59
40.521488,-73.703994,2013-09-19 00:00:00,2013-09-19 23:59:59
40.647512,-74.189508,2013-09-19 00:00:00,2013-09-19 23:59:59
40.105268,-73.845997,2013-09-19 00:00:00,2013-09-19 23:59:59
40.501262,-73.521125,2013-09-19 00:00:00,2013-09-19 23:59:59
40.195560,-73.512645,2013-09-19 00:00:00,2013-09-19 23:59:59
40.450248,-73.530162,2013-09-19 00:00:00,2013-09-19 23:59:59
40.358767,-73.239493,2013-09-19 00:00:00,2013-09-19 23:59:59
40.032500,-73.251044,2013-09-19 00:00:00,2013-09-19 23:59:59
40.754613,-74.156173,2013-09-19 00:00:00,2013-09-19 23:59:59
40.577972,-73.234517,2013-09-19 00:00:00,2013-09-19 23:59:59
40.660670,-74.136136,2013-09-19 00:00:00,2013-09-19 23:59:59
40.031538,-74.109223,2013-09-19 00:00:00,2013-09-19 23:59:59
40.256722,-73.785494,2013-09-19 00:00:00,2013-09-19 23:59:59
40.950619,-73.028702,2013-09-19 00:00:00,2013-09-19 23:59:59
40.319128,-73.188422,2013-09-19 00:00:00,2013-09-19 23:59:59
40.035142,-74.111904,2013-09-19 00:00:00,2013-09-19 23:59:59
40.085718,-73.946169,2013-09-19 00:00:00,2013-09-19 23:59:59
40.673517,-73.894035,2013-09-19 00:00:00,2013-09-19 23:59:59
40.443361,-73.869497,2013-09-19 00:00:00,2013-09-19 23:59:59
40.895511,-73.166346,2013-09-19 00:00:00,2013-09-19 23:59:59
40.763164,-73.710245,2013-09-19 00:00:00,2013-09-19 23:59:59
40.811412,-73.898411,2013-09-19 00:00:00,2013-09-19 23:59:59
40.162410,-73.046725,2013-09-19 00:00:00,2013-09-19 23:59:59
40.086572,-74.204542,2013-09-19 00:00:00,2013-09-19 23:59:59
40.707655,-73.369763,2013-09-19 00:00:00,2013-09-19 23:59:59
40.251424,-73.037131,2013-09-19 00:00:00,2013-09-19 23:59:59
40.090026,-73.051490,2013-09-19 00:00:00,2013-09-19 23:59:59
40.679261,-73.964068,2013-09-19 00:00:00,2013-09-19 23:59:59
40.601604,-73.717330,2013-09-19 00:00:00,2013-09-19 23:59:59
40.877579,-73.014802,2013-09-19 00:00:00,2013-09-19 23:59:59
40.820887,-73.583146,2013-09-19 00:00:00,2013-09-19 23:59:59
40.333476,-74.160187,2013-09-19 00:00:00,2013-09-19 23:59:59
40.275665,-73.064163,2013-09-19 00:00:00,2013-09-19 23:59:59
40.529597,-74.024941,2013-09-19 00:00:00,2013-09-19 23:59:59
40.493267,-73.909984,2013-09-19 00:00:00,2013-09-19 23:59:59
40.904351,-74.418369,2013-09-19 00:00:00,2013-09-19 23:59:59
40.270949,-74.270962,2013-09-19 00:00:00,2013-09-19 23:59:59
40.468563,-73.208937,2013-09-19 00:00:00,2013-09-19 23:59:59
40.703344,-73.455125,2013-09-19 00:00:00,2013-09-19 23:59:59
40.510502,-73.961354,2013-09-19 00:00:00,2013-09-19 23:59:59
40.489199,-73.192039,2013-09-19 00:00:00,2013-09-19 23:59:59
40.322157,-73.601005,2013-09-19 00:00:00,2013-09-19 23:59:59
40.306272,-73.480217,2013-09-19 00:00:00,2013-09-19 23:59:59
40.161898,-74.169905,2013-09-19 00:00:00,2013-09-19 23:59:59
40.591063,-73.058061,2013-09-19 00:00:00,2013-09-19 23:59:59
40.732095,-74.490769,2013-09-19 00:00:00,2013-09-19 23:59:59
40.889202,-73.204838,2013-09-19 00:00:00,2013-09-19 23:59:59
40.295035,-73.761383,2013-09-19 00:00:00,2013-09-19 23:59:59
40.052640,-74.447825,2013-09-19 00:00:00,2013-09-19 23:59:59
40.176430,-73.760121,2013-09-19 00:00:00,2013-09-19 23:59:59
40.951390,-74.324481,2013-09-19 00:00:00,2013-09-19 23:59:59
40.813036,-73.455303,2013-09-19 00:00:00,2013-09-19 23:59:59
40.040442,-74.124435,2013-09-19 00:00:00,2013-09-19 23:59:59
40.689385,-73.375999,2013-09-19 00:00:00,2013-09-19 23:59:59
40.076548,-73.015022,2013-09-19 00:00:00,2013-09-19 23:59:59
40.478367,-73.619985,2013-09-19 00:00:00,2013-09-19 23:59:59
40.514934,-74.136285,2013-09-19 00:00:00,2013-09-19 23:59:59
40.451352,-74.345709,2013-09-19 00:00:00,2013-09-19 23:59:59
40.632614,-73.636566,2013-09-19 00:00:00,2013-09-19 23:59:59
40.755796,-73.519469,2013-09-19 00:00:00,2013-09-19 23:59:59
40.222804,-73.708232,2013-09-19 00:00:00,2013-09-19 23:59:59
40.471732,-74.066453,2013-09-19 00:00:00,2013-09-19 23:59:59
40.784066,-73.974545,2013-09-19 00:00:00,2013-09-19 23:59:59
40.453276,-74.404811,2013-09-19 00:00:00,2013-09-19 23:59:59
40.488127,-73.073349,2013-09-19 00:00:00,2013-09-19 23:59:59
40.837270,-74.125690,2013-09-19 00:00:00,2013-09-19 23:59:59
40.851968,-73.480974,2013-09-19 00:00:00,2013-09-19 23:59:59
40.758388,-73.318913,2013-09-19 00:00:00,2013-09-19 23:59:59
40.962571,-73.020655,2013-09-19 00:00:00,2013-09-19 23:59:59
40.248526,-73.233969,2013-09-19 00:00:00,2013-09-19 23:59:59
40.306879,-73.103753,2013-09-19 00:00:00,2013-09-19 23:59:59
40.518013,-73.109029,2013-09-19 00:00:00,2013-09-19 23:59:59
40.744806,-73.059208,2013-09-19 00:00:00,2013-09-19 23:59:59
40.817159,-73.596889,2013-09-19 00:00:00,2013-09-19 23:59:59
40.929800,-73.916895,2013-09-19 00:00:00,2013-09-19 23:59:59
40.858887,-73.766081,2013-09-19 00:00:00,2013-09-19 23:59:59
40.529269,-73.723946,2013-09-19 00:00:00,2013-09-19 23:59:59
40.346665,-73.157805,2013-09-19 00:00:00,2013-09-19 23:59:59
40.926300,-73.889585,2013-09-19 00:00:00,2013-09-19 23:59:59
40.496690,-74.334925,2013-09-19 00:00:00,2013-09-19 23:59:59
40.694448,-73.173682,2013-09-19 00:00:00,2013-09-19 23:59:59
40.569236,-74.267946,2013-09-19 00:00:00,2013-09-19 23:59:59
40.028986,-73.756952,2013-09-19 00:00:00,2013-09-19 23:59:59
40.331332,-73.764718,2013-09-19 00:00:00,2013-09-19 23:59:59
40.490829,-73.356629,2013-09-19 00:00:00,2013-09-19 23:59:59
40.061382,-74.465558,2013-09-19 00:00:00,2013-09-19 23:59:59
40.873479,-74.080444,2013-09-19 00:00:00,2013-09-19 23:59:59
40.176085,-73.693514,2013-09-19 00:00:00,2013-09-19 23:59:59
40.738677,-73.143848,2013-09-19 00:00:00,2013-09-19 23:59:59
40.810989,-73.670742,2013-09-19 00:00:00,2013-09-19 23:59:59
40.183033,-73.710706,2013-09-19 00:00:00,2013-09-19 23:59:59
40.718226,-73.786235,2013-09-19 00:00:00,2013-09-19 23:59:59
40.695794,-73.456025,2013-09-19 00:00:00,2013-09-19 23:59:59
40.658463,-73.227600,2013-09-19 00:00:00,2013-09-19 23:59:59
40.546971,-73.490838,2013-09-19 00:00:00,2013-09-19 23:59:59
40.058839,-73.870165,2013-09-19 00:00:00,2013-09-19 23:59:59
40.005423,-74.033937,2013-09-19 00:00:00,2013-09-19 23:59:59
40.084605,-73.350349,2013-09-19 00:00:00,2013-09-19 23:59:59
40.828093,-73.662936,2013-09-19 00:00:00,2013-09-19 23:59:59
40.429441,-74.237092,2013-09-19 00:00:00,2013-09-19 23:59:59
40.884437,-74.128032,2013-09-19 00:00:00,2013-09-19 23:59:59
40.067891,-73.655035,2013-09-19 00:00:00,2013-09-19 23:59:59
40.484195,-74.065795,2013-09-19 00:00:00,2013-09-19 23:59:59
40.933072,-74.106251,2013-09-19 00:00:00,2013-09-19 23:59:59
40.961992,-74.007491,2013-09-19 00:00:00,2013-09-19 23:59:59
40.983805,-73.583486,2013-09-19 00:00:00,2013-09-19 23:59:59
40.338882,-73.836676,2013-09-19 00:00:00,2013-09-19 23:59:59
40.407534,-73.867204,2013-09-19 00:00:00,2013-09-19 23:59:59
40.428777,-73.814167,2013-09-19 00:00:00,2013-09-19 23:59:59
40.768879,-73.651159,2013-09-19 00:00:00,2013-09-19 23:59:59
40.586808,-74.455025,2013-09-19 00:00:00,2013-09-19 23:59:59
40.758397,-74.346801,2013-09-19 00:00:00,2013-09-19 23:59:59
40.407037,-73.411798,2013-09-19 00:00:00,2013-09-19 23:59:59
40.822095,-73.575495,2013-09-19 00:00:00,2013-09-19 23:59:59
40.068509,-73.091022,2013-09-19 00:00:00,2013-09-19 23:59:59
40.359467,-73.469356,2013-09-19 00:00:00,2013-09-19 23:59:59
40.701510,-73.505876,2013-09-19 00:00:00,2013-09-19 23:59:59
40.366320,-73.466452,2013-09-19 00:00:00,2013-09-19 23:59:59
40.099988,-73.346869,2013-09-19 00:00:00,2013-09-19 23:59:59
40.368343,-73.804182,2013-09-19 00:00:00,2013-09-19 23:59:59
40.341442,-73.434575,2013-09-19 00:00:00,2013-09-19 23:59:59
40.242407,-73.385833,2013-09-19 00:00:00,2013-09-19 23:59:59
40.392201,-74.103700,2013-09-19 00:00:00,2013-09-19 23:59:59
40.054734,-73.619634,2013-09-19 00:00:00,2013-09-19 23:59:59
40.573840,-74.156110,2013-09-19 00:00:00,2013-09-19 23:59:59
40.358639,-73.707070,2013-09-19 00:00:00,2013-09-19 23:59:59
40.845611,-73.311996,2013-09-19 00:00:00,2013-09-19 23:59:59
40.489188,-73.687784,2013-09-19 00:00:00,2013-09-19 23:59:59
40.218105,-73.582935,2013-09-19 00:00:00,2013-09-19 23:59:59
40.268160,-73.832081,2013-09-19 00:00:00,2013-09-19 23:59:59
40.254948,-73.688409,2013-09-19 00:00:00,2013-09-19 23:59:59
40.189890,-73.208879,2013-09-19 00:00:00,2013-09-19 23:59:59
40.542219,-74.038165,2013-09-19 00:00:00,2013-09-19 23:59:59
40.597053,-73.946866,2013-09-19 00:00:00,2013-09-19 23:59:59
40.209351,-73.906875,2013-09-19 00:00:00,2013-09-19 23:59:59
40.575187,-74.349728,2013-09-19 00:00:00,2013-09-19 23:59:59
40.070631,-73.234605,2013-09-19 00:00:00,2013-09-19 23:59:59
40.295722,-73.622463,2013-09-19 00:00:00,2013-09-19 23:59:59
40.723040,-73.496918,2013-09-19 00:00:00,2013-09-19 23:59:59
40.319492,-74.015144,2013-09-19 00:00:00,2013-09-19 23:59:59
40.983995,-74.301789,2013-09-19 00:00:00,2013-09-19 23:59:59
40.936233,-74.192916,2013-09-19 00:00:00,2013-09-19 23:59:59
40.381669,-74.287014,2013-09-19 00:00:00,2013-09-19 23:59:59
40.960224,-73.596591,2013-09-19 00:00:00,2013-09-19 23:59:59
40.020933,-73.511415,2013-09-19 00:00:00,2013-09-19 23:59:59
40.528275,-73.466886,2013-09-19 00:00:00,2013-09-19 23:59:59
40.039525,-74.355938,2013-09-19 00:00:00,2013-09-19 23:59:59
40.353446,-74.067178,2013-09-19 00:00:00,2013-09-19 23:59:59
40.041958,-73.976556,2013-09-19 00:00:00,2013-09-19 23:59:59
40.576382,-73.954564,2013-09-19 00:00:00,2013-09-19 23:59:59
40.352723,-74.079953,2013-09-19 00:00:00,2013-09-19 23:59:59
40.825852,-74.417136,2013-09-19 00:00:00,2013-09-19 23:59:59
40.665734,-74.225058,2013-09-19 00:00:00,2013-09-19 23:59:59
40.351095,-74.416495,2013-09-19 00:00:00,2013-09-19 23:59:59
40.683559,-74.488754,2013-09-19 00:00:00,2013-09-19 23:59:59
40.120755,-73.048919,2013-09-19 00:00:00,2013-09-19 23:59:59
40.637807,-73.172498,2013-09-19 00:00:00,2013-09-19 23:59:59
40.596703,-74.165990,2013-09-19 00:00:00,2013-09-19 23:59:59
40.161173,-73.268041,2013-09-19 00:00:00,2013-09-19 23:59:59
40.485749,-74.376073,2013-09-19 00:00:00,2013-09-19 23:59:59
40.841983,-74.145105,2013-09-19 00:00:00,2013-09-19 23:59:59
40.148227,-74.181739,2013-09-19 00:00:00,2013-09-19 23:59:59
40.933674,-73.871626,2013-09-19 00:00:00,2013-09-19 23:59:59
40.499677,-73.995009,2013-09-19 00:00:00,2013-09-19 23:59:59
40.114505,-73.228018,2013-09-19 00:00:00,2013-09-19 23:59:59
40.180294,-73.712280,2013-09-19 00:00:00,2013-09-19 23:59:59
40.896900,-73.330959,2013-09-19 00:00:00,2013-09-19 23:59:59
40.486582,-73.423824,2013-09-19 00:00:00,2013-09-19 23:59:59
40.271168,-73.839297,2013-09-19 00:00:00,2013-09-19 23:59:59
40.060577,-74.178960,2013-09-19 00:00:00,2013-09-19 23:59:59
40.434944,-73.474953,2013-09-19 00:00:00,2013-09-19 23:59:59
40.614289,-73.027314,2013-09-19 00:00:00,2013-09-19 23:59:59
40.007558,-73.055050,2013-09-19 00:00:00,2013-09-19 23:59:59
40.030431,-73.309025,2013-09-19 00:00:00,2013-09-19 23:59:59
40.957628,-74.398023,2013-09-19 00:00:00,2013-09-19 23:59:59
40.025270,-73.872306,2013-09-19 00:00:00,2013-09-19 23:59:59
40.582541,-74.336091,2013-09-19 00:00:00,2013-09-19 23:59:59
40.185403,-74.055491,2013-09-19 00:00:00,2013-09-19 23:59:59
40.270061,-73.139203,2013-09-19 00:00:00,2013-09-19 23:59:59
40.597459,-73.882471,2013-09-19 00:00:00,2013-09-19 23:59:59
40.445186,-74.431498,2013-09-19 00:00:00,2013-09-19 23:59:59
40.478264,-73.985423,2013-09-19 00:00:00,2013-09-19 23:59:59
40.059452,-73.660249,2013-09-19 00:00:00,2013-09-19 23:59:59
40.182661,-73.286734,2013-09-19 00:00:00,2013-09-19 23:59:59
40.215250,-73.859481,2013-09-19 00:00:00,2013-09-19 23:59:59
40.717214,-73.943274,2013-09-19 00:00:00,2013-09-19 23:59:59
40.034319,-73.335612,2013-09-19 00:00:00,2013-09-19 23:59:59
40.420220,-73.980446,2013-09-19 00:00:00,2013-09-19 23:59:59
40.677411,-74.490935,2013-09-19 00:00:00,2013-09-19 23:59:59
40.781927,-73.920911,2013-09-19 00:00:00,2013-09-19 23:59:59
40.501271,-73.292177,2013-09-19 00:00:00,2013-09-19 23:59:59
40.473605,-73.543435,2013-09-19 00:00:00,2013-09-19 23:59:59
40.699375,-73.886080,2013-09-19 00:00:00,2013-09-19 23:59:59
40.530080,-73.190991,2013-09-19 00:00:00,2013-09-19 23:59:59
40.414498,-74.061644,2013-09-19 00:00:00,2013-09-19 23:59:59
40.287553,-73.784102,2013-09-19 00:00:00,2013-09-19 23:59:59
40.234042,-73.159571,2013-09-19 00:00:00,2013-09-19 23:59:59
40.117038,-73.385298,2013-09-19 00:00:00,2013-09-19 23:59:59
40.183134,-73.133469,2013-09-19 00:00:00,2013-09-19 23:59:59
40.213447,-73.803677,2013-09-19 00:00:00,2013-09-19 23:59:59
40.815867,-74.274472,2013-09-19 00:00:00,2013-09-19 23:59:59
40.701337,-73.824712,2013-09-19 00:00:00,2013-09-19 23:59:59
40.771661,-73.121219,2013-09-19 00:00:00,2013-09-19 23:59:59
40.100574,-74.199795,2013-09-19 00:00:00,2013-09-19 23:59:59
40.211575,-73.790483,2013-09-19 00:00:00,2013-09-19 23:59:59
40.758623,-73.532424,2013-09-19 00:00:00,2013-09-19 23:59:59
40.878482,-74.380270,2013-09-19 00:00:00,2013-09-19 23:59:59
40.200914,-73.653521,2013-09-19 00:00:00,2013-09-19 23:59:59
40.135401,-73.216819,2013-09-19 00:00:00,2013-09-19 23:59:59
40.476713,-74.487058,2013-09-19 00:00:00,2013-09-19 23:59:59
40.227854,-73.539706,2013-09-19 00:00:00,2013-09-19 23:59:59
40.485133,-73.268973,2013-09-19 00:00:00,2013-09-19 23:59:59
40.188991,-73.245112,2013-09-19 00:00:00,2013-09-19 23:59:59
40.954428,-74.297328,2013-09-19 00:00:00,2013-09-19 23:59:59
40.260305,-74.036333,2013-09-19 00:00:00,2013-09-19 23:59:59
40.217415,-73.659678,2013-09-19 00:00:00,2013-09-19 23:59:59
40.436132,-74.262749,2013-09-19 00:00:00,2013-09-19 23:59:59
40.176848,-73.604878,2013-09-19 00:00:00,2013-09-19 23:59:59
40.756714,-73.863684,2013-09-19 00:00:00,2013-09-19 23:59:59
40.886811,-73.400801,2013-09-19 00:00:00,2013-09-19 23:59:59
40.272468,-73.672024,2013-09-19 00:00:00,2013-09-19 23:59:59
40.989656,-73.646939,2013-09-19 00:00:00,2013-09-19 23:59:59
40.181200,-73.373912,2013-09-19 00:00:00,2013-09-19 23:59:59
40.842744,-74.091392,2013-09-19 00:00:00,2013-09-19 23:59:59
40.500351,-74.165496,2013-09-19 00:00:00,2013-09-19 23:59:59
40.545226,-73.535450,2013-09-19 00:00:00,2013-09-19 23:59:59
40.777977,-73.595463,2013-09-19 00:00:00,2013-09-19 23:59:59
40.232332,-74.395792,2013-09-19 00:00:00,2013-09-19 23:59:59
40.768992,-73.232945,2013-09-19 00:00:00,2013-09-19 23:59:59
40.943096,-73.434276,2013-09-19 00:00:00,2013-09-19 23:59:59
40.707337,-74.154416,2013-09-19 00:00:00,2013-09-19 23:59:59
40.087192,-74.058330,2013-09-19 00:00:00,2013-09-19 23:59:59
40.790058,-74.300316,2013-09-19 00:00:00,2013-09-19 23:59:59
40.037512,-74.441181,2013-09-19 00:00:00,2013-09-19 23:59:59
40.755904,-73.512378,2013-09-19 00:00:00,2013-09-19 23:59:59
40.657371,-74.010462,2013-09-19 00:00:00,2013-09-19 23:59:59
40.988882,-74.026046,2013-09-19 00:00:00,2013-09-19 23:59:59
40.634664,-73.106164,2013-09-19 00:00:00,2013-09-19 23:59:59
40.406334,-73.858836,2013-09-19 00:00:00,2013-09-19 23:59:59
40.340064,-73.314490,2013-09-19 00:00:00,2013-09-19 23:59:59
40.501432,-74.405158,2013-09-19 00:00:00,2013-09-19 23:59:59
40.552297,-73.642841,2013-09-19 00:00:00,2013-09-19 23:59:59
40.301600,-73.120842,2013-09-19 00:00:00,2013-09-19 23:59:59
40.800779,-73.812995,2013-09-19 00:00:00,2013-09-19 23:59:59
40.677210,-73.456511,2013-09-19 00:00:00,2013-09-19 23:59:59
40.264348,-73.014471,2013-09-19 00:00:00,2013-09-19 23:59:59
40.389031,-74.177932,2013-09-19 00:00:00,2013-09-19 23:59:59
40.134600,-74.478133,2013-09-19 00:00:00,2013-09-19 23:59:59
40.498215,-73.393612,2013-09-19 00:00:00,2013-09-19 23:59:59
40.103246,-74.201302,2013-09-19 00:00:00,2013-09-19 23:59:59
40.279251,-73.495167,2013-09-19 00:00:00,2013-09-19 23:59:59
40.165206,-73.079929,2013-09-19 00:00:00,2013-09-19 23:59:59
40.574145,-74.304356,2013-09-19 00:00:00,2013-09-19 23:59:59
40.242566,-73.080854,2013-09-19 00:00:00,2013-09-19 23:59:59
40.605180,-73.512185,2013-09-19 00:00:00,2013-09-19 23:59:59
40.229306,-74.417716,2013-09-19 00:00:00,2013-09-19 23:59:59
40.623993,-73.490114,2013-09-19 00:00:00,2013-09-19 23:59:59
40.932654,-73.477792,2013-09-19 00:00:00,2013-09-19 23:59:59
40.416258,-74.251155,2013-09-19 00:00:00,2013-09-19 23:59:59
40.044137,-73.983849,2013-09-19 00:00:00,2013-09-19 23:59:59
40.604180,-73.739525,2013-09-19 00:00:00,2013-09-19 23:59:59
40.711919,-73.565026,2013-09-19 00:00:00,2013-09-19 23:59:59
40.893032,-74.231522,2013-09-19 00:00:00,2013-09-19 23:59:59
40.505692,-74.053851,2013-09-19 00:00:00,2013-09-19 23:59:59
40.893394,-73.437421,2013-09-19 00:00:00,2013-09-19 23:59:59
40.566408,-74.422673,2013-09-19 00:00:00,2013-09-19 23:59:59
40.917284,-74.404446,2013-09-19 00:00:00,2013-09-19 23:59:59
40.515326,-73.322107,2013-09-19 00:00:00,2013-09-19 23:59:59
40.194288,-74.034242,2013-09-19 00:00:00,2013-09-19 23:59:59
40.260359,-74.186536,2013-09-19 00:00:00,2013-09-19 23:59:59
40.282836,-73.944797,2013-09-19 00:00:00,2013-09-19 23:59:59
40.182407,-74.327279,2013-09-19 00:00:00,2013-09-19 23:59:59
40.062185,-74.026351,2013-09-19 00:00:00,2013-09-19 23:59:59
40.310356,-73.842724,2013-09-19 00:00:00,2013-09-19 23:59:59
40.582203,-73.363638,2013-09-19 00:00:00,2013-09-19 23:59:59
40.000646,-73.036547,2013-09-19 00:00:00,2013-09-19 23:59:59
40.220968,-73.722637,2013-09-19 00:00:00,2013-09-19 23:59:59
40.325763,-73.850065,2013-09-19 00:00:00,2013-09-19 23:59:59
40.054243,-73.029043,2013-09-19 00:00:00,2013-09-19 23:59:59
40.845793,-74.082853,2013-09-19 00:00:00,2013-09-19 23:59:59
40.076277,-74.197786,2013-09-19 00:00:00,2013-09-19 23:59:59
40.688083,-73.396948,2013-09-19 00:00:00,2013-09-19 23:59:59
40.927957,-74.308174,2013-09-19 00:00:00,2013-09-19 23:59:59
40.892334,-74.274253,2013-09-19 00:00:00,2013-09-19 23:59:59
40.086207,-74.457630,2013-09-19 00:00:00,2013-09-19 23:59:59
40.791905,-73.224235,2013-09-19 00:00:00,2013-09-19 23:59:59
40.047613,-73.668490,2013-09-19 00:00:00,2013-09-19 23:59:59
40.796840,-73.619545,2013-09-19 00:00:00,2013-09-19 23:59:59
40.899634,-73.466943,2013-09-19 00:00:00,2013-09-19 23:59:59
40.320088,-73.570889,2013-09-19 00:00:00,2013-09-19 23:59:59
40.814318,-74.200985,2013-09-19 00:00:00,2013-09-19 23:59:59
40.745655,-73.739306,2013-09-19 00:00:00,2013-09-19 23:59:59
40.422341,-74.315090,2013-09-19 00:00:00,2013-09-19 23:59:59
40.275845,-73.423942,2013-09-19 00:00:00,2013-09-19 23:59:59
40.729235,-74.153346,2013-09-19 00:00:00,2013-09-19 23:59:59
40.214540,-74.156464,2013-09-19 00:00:00,2013-09-19 23:59:59
40.221094,-73.919912,2013-09-19 00:00:00,2013-09-19 23:59:59
40.744376,-73.879471,2013-09-19 00:00:00,2013-09-19 23:59:59
40.073560,-74.185912,2013-09-19 00:00:00,2013-09-19 23:59:59
40.537962,-73.585568,2013-09-19 00:00:00,2013-09-19 23:59:59
40.925828,-73.795247,2013-09-19 00:00:00,2013-09-19 23:59:59
40.606717,-73.046193,2013-09-19 00:00:00,2013-09-19 23:59:59
40.510448,-74.188346,2013-09-19 00:00:00,2013-09-19 23:59:59
40.635661,-73.964885,2013-09-19 00:00:00,2013-09-19 23:59:59
40.540093,-73.532458,2013-09-19 00:00:00,2013-09-19 23:59:59
40.678448,-74.048344,2013-09-19 00:00:00,2013-09-19 23:59:59
40.644030,-73.619882,2013-09-19 00:00:00,2013-09-19 23:59:59
40.494168,-74.100465,2013-09-19 00:00:00,2013-09-19 23:59:59
40.819925,-74.271383,2013-09-19 00:00:00,2013-09-19 23:59:59
40.995927,-73.309467,2013-09-19 00:00:00,2013-09-19 23:59:59
40.820669,-73.961065,2013-09-19 00:00:00,2013-09-19 23:59:59
40.250917,-73.916309,2013-09-19 00:00:00,2013-09-19 23:59:59
40.131292,-74.061084,2013-09-19 00:00:00,2013-09-19 23:59:59
40.222701,-73.923755,2013-09-19 00:00:00,2013-09-19 23:59:59
40.707633,-73.989856,2013-09-19 00:00:00,2013-09-19 23:59:59
40.978619,-73.929802,2013-09-19 00:00:00,2013-09-19 23:59:59
40.446270,-74.135779,2013-09-19 00:00:00,2013-09-19 23:59:59
40.398752,-74.046591,2013-09-19 00:00:00,2013-09-19 23:59:59
40.434325,-73.719998,2013-09-19 00:00:00,2013-09-19 23:59:59
40.517546,-73.696519,2013-09-19 00:00:00,2013-09-19 23:59:59
40.388116,-74.256370,2013-09-19 00:00:00,2013-09-19 23:59:59
40.505234,-74.360926,2013-09-19 00:00:00,2013-09-19 23:59:59
40.331222,-73.964542,2013-09-19 00:00:00,2013-09-19 23:59:59
40.953380,-74.093582,2013-09-19 00:00:00,2013-09-19 23:59:59
40.485374,-73.892932,2013-09-19 00:00:00,2013-09-19 23:59:59
40.567355,-73.301127,2013-09-19 00:00:00,2013-09-19 23:59:59
40.551701,-73.112404,2013-09-19 00:00:00,2013-09-19 23:59:59
40.588298,-74.435667,2013-09-19 00:00:00,2013-09-19 23:59:59
40.045196,-73.148570,2013-09-19 00:00:00,2013-09-19 23:59:59
40.268064,-73.840952,2013-09-19 00:00:00,2013-09-19 23:59:59
40.111885,-74.330871,2013-09-19 00:00:00,2013-09-19 23:59:59
40.502922,-73.042847,2013-09-19 00:00:00,2013-09-19 23:59:59
40.306012,-74.450034,2013-09-19 00:00:00,2013-09-19 23:59:59
40.295197,-74.277276,2013-09-19 00:00:00,2013-09-19 23:59:59
40.133680,-74.031917,2013-09-19 00:00:00,2013-09-19 23:59:59
40.056825,-73.504368,2013-09-19 00:00:00,2013-09-19 23:59:59
40.779718,-73.655472,2013-09-19 00:00:00,2013-09-19 23:59:59
40.894738,-73.566218,2013-09-19 00:00:00,2013-09-19 23:59:59
40.326153,-74.065242,2013-09-19 00:00:00,2013-09-19 23:59:59
40.925217,-73.007532,2013-09-19 00:00:00,2013-09-19 23:59:59
40.943531,-73.854724,2013-09-19 00:00:00,2013-09-19 23:59:59
40.352856,-73.393306,2013-09-19 00:00:00,2013-09-19 23:59:59
40.990403,-74.225920,2013-09-19 00:00:00,2013-09-19 23:59:59
40.519483,-73.225812,2013-09-19 00:00:00,2013-09-19 23:59:59
40.691676,-73.762536,2013-09-19 00:00:00,2013-09-19 23:59:59
40.379362,-73.784324,2013-09-19 00:00:00,2013-09-19 23:59:59
40.083101,-73.289530,2013-09-19 00:00:00,2013-09-19 23:59:59
40.889238,-74.385336,2013-09-19 00:00:00,2013-09-19 23:59:59
40.207052,-73.730097,2013-09-19 00:00:00,2013-09-19 23:59:59
40.615260,-73.688480,2013-09-19 00:00:00,2013-09-19 23:59:59
40.123823,-73.412690,2013-09-19 00:00:00,2013-09-19 23:59:59
40.453530,-74.253896,2013-09-19 00:00:00,2013-09-19 23:59:59
40.163038,-73.025281,2013-09-19 00:00:00,2013-09-19 23:59:59
40.737030,-74.090530,2013-09-19 00:00:00,2013-09-19 23:59:59
40.981366,-73.361858,2013-09-19 00:00:00,2013-09-19 23:59:59
40.158871,-73.921607,2013-09-19 00:00:00,2013-09-19 23:59:59
40.415592,-73.656985,2013-09-19 00:00:00,2013-09-19 23:59:59
40.880317,-73.333513,2013-09-19 00:00:00,2013-09-19 23:59:59
40.824175,-73.158304,2013-09-19 00:00:00,2013-09-19 23:59:59
40.911742,-73.867364,2013-09-19 00:00:00,2013-09-19 23:59:59
40.595808,-74.143955,2013-09-19 00:00:00,2013-09-19 23:59:59
40.355663,-73.958718,2013-09-19 00:00:00,2013-09-19 23:59:59
40.770062,-73.352143,2013-09-19 00:00:00,2013-09-19 23:59:59
40.383224,-73.430242,2013-09-19 00:00:00,2013-09-19 23:59:59
40.263076,-73.753497,2013-09-19 00:00:00,2013-09-19 23:59:59
40.878958,-73.494542,2013-09-19 00:00:00,2013-09-19 23:59:59
40.020347,-74.263313,2013-09-19 00:00:00,2013-09-19 23:59:59
40.533426,-74.429967,2013-09-19 00:00:00,2013-09-19 23:59:59
40.529005,-74.360453,2013-09-19 00:00:00,2013-09-19 23:59:59
40.789251,-74.250866,2013-09-19 00:00:00,2013-09-19 23:59:59
40.513606,-74.152397,2013-09-19 00:00:00,2013-09-19 23:59:59
40.453348,-74.305609,2013-09-19 00:00:00,2013-09-19 23:59:59
40.312272,-74.201834,2013-09-19 00:00:00,2013-09-19 23:59:59
40.976582,-73.300603,2013-09-19 00:00:00,2013-09-19 23:59:59
40.384157,-73.909176,2013-09-19 00:00:00,2013-09-19 23:59:59
40.371847,-74.266637,2013-09-19 00:00:00,2013-09-19 23:59:59
40.634540,-74.427516,2013-09-19 00:00:00,2013-09-19 23:59:59
40.492501,-74.455039,2013-09-19 00:00:00,2013-09-19 23:59:59
40.760454,-74.471800,2013-09-19 00:00:00,2013-09-19 23:59:59
40.925364,-73.575473,2013-09-19 00:00:00,2013-09-19 23:59:59
40.617619,-73.972362,2013-09-19 00:00:00,2013-09-19 23:59:59
40.065909,-73.664635,2013-09-19 00:00:00,2013-09-19 23:59:59
40.688543,-73.814472,2013-09-19 00:00:00,2013-09-19 23:59:59
40.038054,-73.205681,2013-09-19 00:00:00,2013-09-19 23:59:59
40.092003,-74.400188,2013-09-19 00:00:00,2013-09-19 23:59:59
40.996898,-73.901898,2013-09-19 00:00:00,2013-09-19 23:59:59
40.215733,-74.466537,2013-09-19 00:00:00,2013-09-19 23:59:59
40.009996,-74.244950,2013-09-19 00:00:00,2013-09-19 23:59:59
40.976968,-73.994949,2013-09-19 00:00:00,2013-09-19 23:59:59
40.151238,-74.207994,2013-09-19 00:00:00,2013-09-19 23:59:59
40.919646,-73.150862,2013-09-19 00:00:00,2013-09-19 23:59:59
40.661118,-74.036985,2013-09-19 00:00:00,2013-09-19 23:59:59
40.842356,-73.499536,2013-09-19 00:00:00,2013-09-19 23:59:59
40.028162,-73.209720,2013-09-19 00:00:00,2013-09-19 23:59:59
40.417788,-74.254400,2013-09-19 00:00:00,2013-09-19 23:59:59
40.628509,-73.181470,2013-09-19 00:00:00,2013-09-19 23:59:59
40.312230,-73.527580,2013-09-19 00:00:00,2013-09-19 23:59:59
40.124115,-73.038484,2013-09-19 00:00:00,2013-09-19 23:59:59
40.642815,-73.968829,2013-09-19 00:00:00,2013-09-19 23:59:59
40.164770,-73.136233,2013-09-19 00:00:00,2013-09-19 23:59:59
40.220532,-73.298645,2013-09-19 00:00:00,2013-09-19 23:59:59
40.065118,-73.707938,2013-09-19 00:00:00,2013-09-19 23:59:59
40.918634,-74.064157,2013-09-19 00:00:00,2013-09-19 23:59:59
40.035054,-73.790752,2013-09-19 00:00:00,2013-09-19 23:59:59
40.678923,-73.972220,2013-09-19 00:00:00,2013-09-19 23:59:59
40.230402,-73.131899,2013-09-19 00:00:00,2013-09-19 23:59:59
40.122507,-74.383179,2013-09-19 00:00:00,2013-09-19 23:59:59
40.360456,-74.005150,2013-09-19 00:00:00,2013-09-19 23:59:59
40.466939,-74.480869,2013-09-19 00:00:00,2013-09-19 23:59:59
40.839972,-74.089196,2013-09-19 00:00:00,2013-09-19 23:59:59
40.468309,-73.769687,2013-09-19 00:00:00,2013-09-19 23:59:59
40.505418,-73.233807,2013-09-19 00:00:00,2013-09-19 23:59:59
40.404637,-74.387960,2013-09-19 00:00:00,2013-09-19 23:59:59
40.728756,-73.567091,2013-09-19 00:00:00,2013-09-19 23:59:59
40.696095,-74.268308,2013-09-19 00:00:00,2013-09-19 23:59:59
40.356783,-73.477751,2013-09-19 00:00:00,2013-09-19 23:59:59
40.617874,-73.920351,2013-09-19 00:00:00,2013-09-19 23:59:59
40.279992,-74.039914,2013-09-19 00:00:00,2013-09-19 23:59:59
40.703139,-74.058877,2013-09-19 00:00:00,2013-09-19 23:59:59
40.592183,-74.434941,2013-09-19 00:00:00,2013-09-19 23:59:59
40.856390,-74.451415,2013-09-19 00:00:00,2013-09-19 23:59:59
40.240514,-73.364542,2013-09-19 00:00:00,2013-09-19 23:59:59
40.901590,-73.213229,2013-09-19 00:00:00,2013-09-19 23:59:59
40.785388,-73.842611,2013-09-19 00:00:00,2013-09-19 23:59:59
40.274836,-73.334814,2013-09-19 00:00:00,2013-09-19 23:59:59
40.390592,-73.599378,2013-09-19 00:00:00,2013-09-19 23:59:59
40.837910,-73.987289,2013-09-19 00:00:00,2013-09-19 23:59:59
40.446292,-74.130788,2013-09-19 00:00:00,2013-09-19 23:59:59
40.336909,-73.614395,2013-09-19 00:00:00,2013-09-19 23:59:59
40.290980,-73.678459,2013-09-19 00:00:00,2013-09-19 23:59:59
40.859255,-73.486377,2013-09-19 00:00:00,2013-09-19 23:59:59
40.343195,-73.631150,2013-09-19 00:00:00,2013-09-19 23:59:59
40.752756,-73.260609,2013-09-19 00:00:00,2013-09-19 23:59:59
40.579829,-73.497338,2013-09-19 00:00:00,2013-09-19 23:59:59
40.861938,-73.166590,2013-09-19 00:00:00,2013-09-19 23:59:59
40.705013,-74.210346,2013-09-19 00:00:00,2013-09-19 23:59:59
40.609796,-73.208839,2013-09-19 00:00:00,2013-09-19 23:59:59
40.542124,-73.092382,2013-09-19 00:00:00,2013-09-19 23:59:59
40.407143,-73.760171,2013-09-19 00:00:00,2013-09-19 23:59:59
40.151100,-73.821931,2013-09-19 00:00:00,2013-09-19 23:59:59
40.107121,-74.100031,2013-09-19 00:00:00,2013-09-19 23:59:59
40.924300,-74.220125,2013-09-19 00:00:00,2013-09-19 23:59:59
40.739052,-73.337749,2013-09-19 00:00:00,2013-09-19 23:59:59
40.446320,-73.596042,2013-09-19 00:00:00,2013-09-19 23:59:59
40.553622,-73.249016,2013-09-19 00:00:00,2013-09-19 23:59:59
40.216686,-73.268310,2013-09-19 00:00:00,2013-09-19 23:59:59
40.490522,-73.845340,2013-09-19 00:00:00,2013-09-19 23:59:59
40.429039,-73.210977,2013-09-19 00:00:00,2013-09-19 23:59:59
40.540016,-74.490909,2013-09-19 00:00:00,2013-09-19 23:59:59
40.876450,-73.055282,2013-09-19 00:00:00,2013-09-19 23:59:59
40.111487,-74.078999,2013-09-19 00:00:00,2013-09-19 23:59:59
40.709674,-74.415797,2013-09-19 00:00:00,2013-09-19 23:59:59
40.444907,-73.680991,2013-09-19 00:00:00,2013-09-19 23:59:59
40.213681,-73.199338,2013-09-19 00:00:00,2013-09-19 23:59:59
40.305226,-73.185019,2013-09-19 00:00:00,2013-09-19 23:59:59
40.987481,-73.198103,2013-09-19 00:00:00,2013-09-19 23:59:59
40.685061,-73.748445,2013-09-19 00:00:00,2013-09-19 23:59:59
40.913283,-73.364714,2013-09-19 00:00:00,2013-09-19 23:59:59
40.007671,-73.898563,2013-09-19 00:00:00,2013-09-19 23:59:59
40.083212,-73.216124,2013-09-19 00:00:00,2013-09-19 23:59:59
40.370023,-73.329355,2013-09-19 00:00:00,2013-09-19 23:59:59
40.415319,-73.815814,2013-09-19 00:00:00,2013-09-19 23:59:59
40.694892,-74.358613,2013-09-19 00:00:00,2013-09-19 23:59:59
40.035318,-73.239261,2013-09-19 00:00:00,2013-09-19 23:59:59
40.271265,-73.129339,2013-09-19 00:00:00,2013-09-19 23:59:59
40.626481,-73.836349,2013-09-19 00:00:00,2013-09-19 23:59:59
40.053930,-74.462149,2013-09-19 00:00:00,2013-09-19 23:59:59
40.857341,-73.966223,2013-09-19 00:00:00,2013-09-19 23:59:59
40.265991,-73.291227,2013-09-19 00:00:00,2013-09-19 23:59:59
40.685323,-74.195009,2013-09-19 00:00:00,2013-09-19 23:59:59
40.302124,-74.345418,2013-09-19 00:00:00,2013-09-19 23:59:59
40.804160,-74.214901,2013-09-19 00:00:00,2013-09-19 23:59:59
40.665778,-73.668160,2013-09-19 00:00:00,2013-09-19 23:59:59
40.753928,-74.464317,2013-09-19 00:00:00,2013-09-19 23:59:59
40.690095,-73.705211,2013-09-19 00:00:00,2013-09-19 23:59:59
40.244741,-74.103110,2013-09-19 00:00:00,2013-09-19 23:59:59
40.090192,-73.527509,2013-09-19 00:00:00,2013-09-19 23:59:59
40.058658,-73.624305,2013-09-19 00:00:00,2013-09-19 23:59:59
40.973543,-74.298017,2013-09-19 00:00:00,2013-09-19 23:59:59
40.489046,-73.964355,2013-09-19 00:00:00,2013-09-19 23:59:59
40.795552,-74.335997,2013-09-19 00:00:00,2013-09-19 23:59:59
40.652641,-73.007646,2013-09-19 00:00:00,2013-09-19 23:59:59
40.889010,-74.079967,2013-09-19 00:00:00,2013-09-19 23:59:59
40.166770,-73.867748,2013-09-19 00:00:00,2013-09-19 23:59:59
40.618981,-73.901422,2013-09-19 00:00:00,2013-09-19 23:59:59
40.622664,-74.267896,2013-09-19 00:00:00,2013-09-19 23:59:59
40.918763,-74.075434,2013-09-19 00:00:00,2013-09-19 23:59:59
40.005545,-73.736224,2013-09-19 00:00:00,2013-09-19 23:59:59
40.947914,-74.271367,2013-09-19 00:00:00,2013-09-19 23:59:59
40.713108,-73.677470,2013-09-19 00:00:00,2013-09-19 23:59:59
40.879959,-73.687197,2013-09-19 00:00:00,2013-09-19 23:59:59
40.106280,-73.682198,2013-09-19 00:00:00,2013-09-19 23:59:59
40.375208,-74.414294,2013-09-19 00:00:00,2013-09-19 23:59:59
40.589601,-73.187008,2013-09-19 00:00:00,2013-09-19 23:59:59
40.123252,-73.286058,2013-09-19 00:00:00,2013-09-19 23:59:59
40.063284,-73.804792,2013-09-19 00:00:00,2013-09-19 23:59:59
40.950030,-73.833396,2013-09-19 00:00:00,2013-09-19 23:59:59
40.215031,-74.302758,2013-09-19 00:00:00,2013-09-19 23:59:59
40.375983,-74.042793,2013-09-19 00:00:00,2013-09-19 23:59:59
40.526838,-73.817790,2013-09-19 00:00:00,2013-09-19 23:59:59
40.184644,-73.888625,2013-09-19 00:00:00,2013-09-19 23:59:59
40.060587,-74.463629,2013-09-19 00:00:00,2013-09-19 23:59:59
40.515122,-73.590335,2013-09-19 00:00:00,2013-09-19 23:59:59
40.055862,-74.002447,2013-09-19 00:00:00,2013-09-19 23:59:59
40.227295,-73.727256,2013-09-19 00:00:00,2013-09-19 23:59:59
40.124473,-73.224549,2013-09-19 00:00:00,2013-09-19 23:59:59
40.805118,-73.729083,2013-09-19 00:00:00,2013-09-19 23:59:59
40.358346,-74.104301,2013-09-19 00:00:00,2013-09-19 23:59:59
40.861314,-73.848408,2013-09-19 00:00:00,2013-09-19 23:59:59
40.980959,-74.177762,2013-09-19 00:00:00,2013-09-19 23:59:59
40.385806,-74.013216,2013-09-19 00:00:00,2013-09-19 23:59:59
40.267184,-73.918125,2013-09-19 00:00:00,2013-09-19 23:59:59
40.240614,-74.451879,2013-09-19 00:00:00,2013-09-19 23:59:59
40.332420,-74.168717,2013-09-19 00:00:00,2013-09-19 23:59:59
40.045531,-74.180917,2013-09-19 00:00:00,2013-09-19 23:59:59
40.049082,-74.430158,2013-09-19 00:00:00,2013-09-19 23:59:59
40.521738,-73.346722,2013-09-19 00:00:00,2013-09-19 23:59:59
40.787027,-74.488186,2013-09-19 00:00:00,2013-09-19 23:59:59
40.564650,-73.516383,2013-09-19 00:00:00,2013-09-19 23:59:59
40.894195,-73.511764,2013-09-19 00:00:00,2013-09-19 23:59:59
40.802596,-73.819925,2013-09-19 00:00:00,2013-09-19 23:59:59
40.834737,-73.347239,2013-09-19 00:00:00,2013-09-19 23:59:59
40.164561,-74.356522,2013-09-19 00:00:00,2013-09-19 23:59:59
40.684133,-73.783649,2013-09-19 00:00:00,2013-09-19 23:59:59
40.028076,-73.490591,2013-09-19 00:00:00,2013-09-19 23:59:59
40.244243,-73.566739,2013-09-19 00:00:00,2013-09-19 23:59:59
40.847416,-74.080228,2013-09-19 00:00:00,2013-09-19 23:59:59
40.386021,-73.394779,2013-09-19 00:00:00,2013-09-19 23:59:59
40.772653,-73.800026,2013-09-19 00:00:00,2013-09-19 23:59:59
40.353541,-73.037981,2013-09-19 00:00:00,2013-09-19 23:59:59
40.661677,-73.043115,2013-09-19 00:00:00,2013-09-19 23:59:59
40.670240,-73.085152,2013-09-19 00:00:00,2013-09-19 23:59:59
40.060180,-74.413100,2013-09-19 00:00:00,2013-09-19 23:59:59
40.976768,-74.136115,2013-09-19 00:00:00,2013-09-19 23:59:59
40.178677,-73.045610,2013-09-19 00:00:00,2013-09-19 23:59:59
40.599522,-74.026543,2013-09-19 00:00:00,2013-09-19 23:59:59
40.631003,-73.431289,2013-09-19 00:00:00,2013-09-19 23:59:59
40.899970,-74.393008,2013-09-19 00:00:00,2013-09-19 23:59:59
40.715326,-73.547294,2013-09-19 00:00:00,2013-09-19 23:59:59
40.487053,-73.560383,2013-09-19 00:00:00,2013-09-19 23:59:59
40.316554,-74.442787,2013-09-19 00:00:00,2013-09-19 23:59:59
40.188453,-73.861172,2013-09-19 00:00:00,2013-09-19 23:59:59
40.088134,-73.965371,2013-09-19 00:00:00,2013-09-19 23:59:59
40.271239,-73.076898,2013-09-19 00:00:00,2013-09-19 23:59:59
40.431587,-74.060067,2013-09-19 00:00:00,2013-09-19 23:59:59
40.778372,-74.225399,2013-09-19 00:00:00,2013-09-19 23:59:59
40.933702,-73.520181,2013-09-19 00:00:00,2013-09-19 23:59:59
40.004786,-74.404656,2013-09-19 00:00:00,2013-09-19 23:59:59
40.344213,-73.720297,2013-09-19 00:00:00,2013-09-19 23:59:59
40.075224,-74.343760,2013-09-19 00:00:00,2013-09-19 23:59:59
40.880829,-73.215613,2013-09-19 00:00:00,2013-09-19 23:59:59
40.305760,-73.704667,2013-09-19 00:00:00,2013-09-19 23:59:59
40.633879,-73.648994,2013-09-19 00:00:00,2013-09-19 23:59:59
40.531885,-74.024583,2013-09-19 00:00:00,2013-09-19 23:59:59
40.109412,-73.667342,2013-09-19 00:00:00,2013-09-19 23:59:59
40.868278,-73.488158,2013-09-19 00:00:00,2013-09-19 23:59:59
40.497461,-74.012300,2013-09-19 00:00:00,2013-09-19 23:59:59
40.428867,-73.471070,2013-09-19 00:00:00,2013-09-19 23:59:59
40.081266,-74.116753,2013-09-19 00:00:00,2013-09-19 23:59:59
40.380485,-73.002191,2013-09-19 00:00:00,2013-09-19 23:59:59
40.313616,-73.408289,2013-09-19 00:00:00,2013-09-19 23:59:59
40.329433,-73.450190,2013-09-19 00:00:00,2013-09-19 23:59:59
40.478053,-73.093466,2013-09-19 00:00:00,2013-09-19 23:59:59
40.447471,-73.352241,2013-09-19 00:00:00,2013-09-19 23:59:59
40.525562,-73.972674,2013-09-19 00:00:00,2013-09-19 23:59:59
40.932233,-73.367482,2013-09-19 00:00:00,2013-09-19 23:59:59
40.631443,-73.814331,2013-09-19 00:00:00,2013-09-19 23:59:59
40.366798,-73.355882,2013-09-19 00:00:00,2013-09-19 23:59:59
40.252426,-73.499322,2013-09-19 00:00:00,2013-09-19 23:59:59
40.294126,-73.054417,2013-09-19 00:00:00,2013-09-19 23:59:59
40.980694,-73.031808,2013-09-19 00:00:00,2013-09-19 23:59:59
40.854276,-73.746733,2013-09-19 00:00:00,2013-09-19 23:59:59
40.289329,-74.100957,2013-09-19 00:00:00,2013-09-19 23:59:59
40.645831,-73.199949,2013-09-19 00:00:00,2013-09-19 23:59:59
40.342784,-73.169594,2013-09-19 00:00:00,2013-09-19 23:59:59
40.067650,-73.972783,2013-09-19 00:00:00,2013-09-19 23:59:59
40.406363,-73.560448,2013-09-19 00:00:00,2013-09-19 23:59:59
40.273067,-73.482911,2013-09-19 00:00:00,2013-09-19 23:59:59
40.030263,-73.208410,2013-09-19 00:00:00,2013-09-19 23:59:59
40.525864,-73.958257,2013-09-19 00:00:00,2013-09-19 23:59:59
40.106607,-74.148066,2013-09-19 00:00:00,2013-09-19 23:59:59
40.185845,-73.086880,2013-09-19 00:00:00,2013-09-19 23:59:59
40.101981,-74.409835,2013-09-19 00:00:00,2013-09-19 23:59:59
40.771540,-73.323151,2013-09-19 00:00:00,2013-09-19 23:59:59
40.253351,-74.305106,2013-09-19 00:00:00,2013-09-19 23:59:59
40.548561,-73.404165,2013-09-19 00:00:00,2013-09-19 23:59:59
40.281840,-73.591066,2013-09-19 00:00:00,2013-09-19 23:59:59
40.874349,-73.679575,2013-09-19 00:00:00,2013-09-19 23:59:59
40.226674,-74.219270,2013-09-19 00:00:00,2013-09-19 23:59:59
40.093546,-73.360549,2013-09-19 00:00:00,2013-09-19 23:59:59
40.330741,-73.288510,2013-09-19 00:00:00,2013-09-19 23:59:59
40.122910,-74.249057,2013-09-19 00:00:00,2013-09-19 23:59:59
40.519535,-73.442181,2013-09-19 00:00:00,2013-09-19 23:59:59
40.990736,-74.417433,2013-09-19 00:00:00,2013-09-19 23:59:59
40.906861,-73.273079,2013-09-19 00:00:00,2013-09-19 23:59:59
40.502888,-73.169937,2013-09-19 00:00:00,2013-09-19 23:59:59
40.933540,-74.324447,2013-09-19 00:00:00,2013-09-19 23:59:59
40.896112,-74.433016,2013-09-19 00:00:00,2013-09-19 23:59:59
40.199441,-73.505109,2013-09-19 00:00:00,2013-09-19 23:59:59
40.808942,-74.488995,2013-09-19 00:00:00,2013-09-19 23:59:59
40.784531,-73.168637,2013-09-19 00:00:00,2013-09-19 23:59:59
40.151567,-74.189157,2013-09-19 00:00:00,2013-09-19 23:59:59
40.871221,-73.241758,2013-09-19 00:00:00,2013-09-19 23:59:59
40.488177,-73.456455,2013-09-19 00:00:00,2013-09-19 23:59:59
40.778157,-73.125590,2013-09-19 00:00:00,2013-09-19 23:59:59
40.358859,-73.515560,2013-09-19 00:00:00,2013-09-19 23:59:59
40.094686,-73.134802,2013-09-19 00:00:00,2013-09-19 23:59:59
40.562762,-73.368509,2013-09-19 00:00:00,2013-09-19 23:59:59
40.465591,-74.484412,2013-09-19 00:00:00,2013-09-19 23:59:59
40.800306,-74.067913,2013-09-19 00:00:00,2013-09-19 23:59:59
40.717288,-73.281701,2013-09-19 00:00:00,2013-09-19 23:59:59
40.229362,-74.326488,2013-09-19 00:00:00,2013-09-19 23:59:59
40.439533,-74.131589,2013-09-19 00:00:00,2013-09-19 23:59:59
40.428873,-73.941636,2013-09-19 00:00:00,2013-09-19 23:59:59
40.840777,-73.317841,2013-09-19 00:00:00,2013-09-19 23:59:59
40.983052,-74.406841,2013-09-19 00:00:00,2013-09-19 23:59:59
40.680672,-74.079576,2013-09-19 00:00:00,2013-09-19 23:59:59
40.400321,-73.427869,2013-09-19 00:00:00,2013-09-19 23:59:59
40.349825,-74.262829,2013-09-19 00:00:00,2013-09-19 23:59:59
40.363352,-73.861044,2013-09-19 00:00:00,2013-09-19 23:59:59
40.714752,-73.090273,2013-09-19 00:00:00,2013-09-19 23:59:59
40.370052,-73.343341,2013-09-19 00:00:00,2013-09-19 23:59:59
40.175079,-73.958739,2013-09-19 00:00:00,2013-09-19 23:59:59
40.670064,-74.089589,2013-09-19 00:00:00,2013-09-19 23:59:59
40.490404,-73.543764,2013-09-19 00:00:00,2013-09-19 23:59:59
40.027337,-73.990765,2013-09-19 00:00:00,2013-09-19 23:59:59
40.325811,-73.063197,2013-09-19 00:00:00,2013-09-19 23:59:59
40.246538,-73.259195,2013-09-19 00:00:00,2013-09-19 23:59:59
40.137901,-73.827722,2013-09-19 00:00:00,2013-09-19 23:59:59
40.589550,-73.431396,2013-09-19 00:00:00,2013-09-19 23:59:59
40.977307,-73.685203,2013-09-19 00:00:00,2013-09-19 23:59:59
40.178047,-73.557377,2013-09-19 00:00:00,2013-09-19 23:59:59
40.018979,-73.147862,2013-09-19 00:00:00,2013-09-19 23:59:59
40.229089,-73.876397,2013-09-19 00:00:00,2013-09-19 23:59:59
40.148175,-73.376563,2013-09-19 00:00:00,2013-09-19 23:59:59
40.502919,-74.203512,2013-09-19 00:00:00,2013-09-19 23:59:59
40.727905,-73.284839,2013-09-19 00:00:00,2013-09-19 23:59:59
40.655631,-73.128647,2013-09-19 00:00:00,2013-09-19 23:59:59
40.752702,-73.316843,2013-09-19 00:00:00,2013-09-19 23:59:59
40.284074,-73.460552,2013-09-19 00:00:00,2013-09-19 23:59:59
40.953927,-73.447971,2013-09-19 00:00:00,2013-09-19 23:59:59
40.326374,-73.131634,2013-09-19 00:00:00,2013-09-19 23:59:59
40.063435,-74.154722,2013-09-19 00:00:00,2013-09-19 23:59:59
40.138638,-74.016513,2013-09-19 00:00:00,2013-09-19 23:59:59
40.365265,-73.501194,2013-09-19 00:00:00,2013-09-19 23:59:59
40.006929,-74.307079,2013-09-19 00:00:00,2013-09-19 23:59:59
40.869130,-73.093638,2013-09-19 00:00:00,2013-09-19 23:59:59
40.073278,-73.729888,2013-09-19 00:00:00,2013-09-19 23:59:59
40.924817,-73.461625,2013-09-19 00:00:00,2013-09-19 23:59:59
40.655516,-73.487929,2013-09-19 00:00:00,2013-09-19 23:59:59
40.863239,-73.934616,2013-09-19 00:00:00,2013-09-19 23:59:59
40.722916,-74.358125,2013-09-19 00:00:00,2013-09-19 23:59:59
40.297705,-73.296129,2013-09-19 00:00:00,2013-09-19 23:59:59
40.853113,-73.878348,2013-09-19 00:00:00,2013-09-19 23:59:59
40.048075,-73.414175,2013-09-19 00:00:00,2013-09-19 23:59:59
40.340491,-73.013306,2013-09-19 00:00:00,2013-09-19 23:59:59
40.260852,-73.666285,2013-09-19 00:00:00,2013-09-19 23:59:59
40.252232,-73.097368,2013-09-19 00:00:00,2013-09-19 23:59:59
40.189820,-73.800195,2013-09-19 00:00:00,2013-09-19 23:59:59
40.135400,-74.214168,2013-09-19 00:00:00,2013-09-19 23:59:59
40.274720,-73.397131,2013-09-19 00:00:00,2013-09-19 23:59:59
40.766956,-74.487823,2013-09-19 00:00:00,2013-09-19 23:59:59
40.609542,-73.833646,2013-09-19 00:00:00,2013-09-19 23:59:59
40.808300,-73.028615,2013-09-19 00:00:00,2013-09-19 23:59:59
40.627375,-74.070092,2013-09-19 00:00:00,2013-09-19 23:59:59
40.476911,-73.497216,2013-09-19 00:00:00,2013-09-19 23:59:59
40.845348,-73.729056,2013-09-19 00:00:00,2013-09-19 23:59:59
40.379912,-73.425845,2013-09-19 00:00:00,2013-09-19 23:59:59
40.811040,-73.265469,2013-09-19 00:00:00,2013-09-19 23:59:59
40.467817,-74.062154,2013-09-19 00:00:00,2013-09-19 23:59:59
40.970869,-74.071619,2013-09-19 00:00:00,2013-09-19 23:59:59
40.661491,-73.582259,2013-09-19 00:00:00,2013-09-19 23:59:59
40.041281,-74.104889,2013-09-19 00:00:00,2013-09-19 23:59:59
40.081289,-74.052992,2013-09-19 00:00:00,2013-09-19 23:59:59
40.605195,-73.573838,2013-09-19 00:00:00,2013-09-19 23:59:59
40.964609,-74.010256,2013-09-19 00:00:00,2013-09-19 23:59:59
40.078992,-73.869099,2013-09-19 00:00:00,2013-09-19 23:59:59
40.296522,-73.960341,2013-09-19 00:00:00,2013-09-19 23:59:59
40.899444,-73.279568,2013-09-19 00:00:00,2013-09-19 23:59:59
40.897918,-74.004094,2013-09-19 00:00:00,2013-09-19 23:59:59
40.765333,-73.591503,2013-09-19 00:00:00,2013-09-19 23:59:59
40.216542,-74.130050,2013-09-19 00:00:00,2013-09-19 23:59:59
40.035106,-73.428391,2013-09-19 00:00:00,2013-09-19 23:59:59
40.348545,-74.021924,2013-09-19 00:00:00,2013-09-19 23:59:59
40.929769,-73.652829,2013-09-19 00:00:00,2013-09-19 23:59:59
40.881655,-73.478335,2013-09-19 00:00:00,2013-09-19 23:59:59
40.019323,-74.318170,2013-09-19 00:00:00,2013-09-19 23:59:59
40.995767,-74.248165,2013-09-19 00:00:00,2013-09-19 23:59:59
40.581386,-74.027304,2013-09-19 00:00:00,2013-09-19 23:59:59
40.882773,-73.243680,2013-09-19 00:00:00,2013-09-19 23:59:59
40.812269,-74.128706,2013-09-19 00:00:00,2013-09-19 23:59:59
40.954641,-74.205337,2013-09-19 00:00:00,2013-09-19 23:59:59
40.543610,-73.455759,2013-09-19 00:00:00,2013-09-19 23:59:59
40.497254,-73.957143,2013-09-19 00:00:00,2013-09-19 23:59:59
40.071764,-74.294371,2013-09-19 00:00:00,2013-09-19 23:59:59
40.397227,-73.409510,2013-09-19 00:00:00,2013-09-19 23:59:59
40.942520,-73.446017,2013-09-19 00:00:00,2013-09-19 23:59:59
40.319920,-74.437728,2013-09-19 00:00:00,2013-09-19 23:59:59
40.050305,-74.138611,2013-09-19 00:00:00,2013-09-19 23:59:59
40.249064,-74.188504,2013-09-19 00:00:00,2013-09-19 23:59:59
40.208880,-73.125980,2013-09-19 00:00:00,2013-09-19 23:59:59
40.611915,-73.744449,2013-09-19 00:00:00,2013-09-19 23:59:59
40.429655,-73.608214,2013-09-19 00:00:00,2013-09-19 23:59:59
40.308570,-73.906974,2013-09-19 00:00:00,2013-09-19 23:59:59
40.504072,-73.599804,2013-09-19 00:00:00,2013-09-19 23:59:59
40.840052,-73.641725,2013-09-19 00:00:00,2013-09-19 23:59:59
40.128147,-74.070231,2013-09-19 00:00:00,2013-09-19 23:59:59
40.387003,-73.967532,2013-09-19 00:00:00,2013-09-19 23:59:59
40.730064,-74.082536,2013-09-19 00:00:00,2013-09-19 23:59:59
40.129302,-74.259760,2013-09-19 00:00:00,2013-09-19 23:59:59
40.365863,-74.259434,2013-09-19 00:00:00,2013-09-19 23:59:59
40.316642,-74.082040,2013-09-19 00:00:00,2013-09-19 23:59:59
40.533584,-73.213621,2013-09-19 00:00:00,2013-09-19 23:59:59
40.601091,-73.256535,2013-09-19 00:00:00,2013-09-19 23:59:59
40.522842,-73.089218,2013-09-19 00:00:00,2013-09-19 23:59:59
40.924865,-73.932213,2013-09-19 00:00:00,2013-09-19 23:59:59
40.964657,-73.574660,2013-09-19 00:00:00,2013-09-19 23:59:59
40.820057,-73.913057,2013-09-19 00:00:00,2013-09-19 23:59:59
40.575475,-74.163818,2013-09-19 00:00:00,2013-09-19 23:59:59
40.321747,-73.963678,2013-09-19 00:00:00,2013-09-19 23:59:59
40.699646,-73.561821,2013-09-19 00:00:00,2013-09-19 23:59:59
40.821922,-74.218517,2013-09-19 00:00:00,2013-09-19 23:59:59
40.146245,-74.454746,2013-09-19 00:00:00,2013-09-19 23:59:59
40.098865,-74.182627,2013-09-19 00:00:00,2013-09-19 23:59:59
40.988971,-73.888270,2013-09-19 00:00:00,2013-09-19 23:59:59
40.445130,-73.126968,2013-09-19 00:00:00,2013-09-19 23:59:59
40.451956,-73.229333,2013-09-19 00:00:00,2013-09-19 23:59:59
40.286949,-73.949204,2013-09-19 00:00:00,2013-09-19 23:59:59
40.739655,-73.117044,2013-09-19 00:00:00,2013-09-19 23:59:59
40.938924,-74.292207,2013-09-19 00:00:00,2013-09-19 23:59:59
40.685630,-73.944266,2013-09-19 00:00:00,2013-09-19 23:59:59
40.170032,-73.886766,2013-09-19 00:00:00,2013-09-19 23:59:59
40.392842,-74.249730,2013-09-19 00:00:00,2013-09-19 23:59:59
40.070498,-73.212454,2013-09-19 00:00:00,2013-09-19 23:59:59
40.617204,-73.942014,2013-09-19 00:00:00,2013-09-19 23:59:59
40.303777,-73.151161,2013-09-19 00:00:00,2013-09-19 23:59:59
40.506474,-73.021357,2013-09-19 00:00:00,2013-09-19 23:59:59
40.203896,-73.341510,2013-09-19 00:00:00,2013-09-19 23:59:59
40.448201,-73.913031,2013-09-19 00:00:00,2013-09-19 23:59:59
40.335610,-74.429165,2013-09-19 00:00:00,2013-09-19 23:59:59
40.203243,-73.176881,2013-09-19 00:00:00,2013-09-19 23:59:59
40.073305,-74.348008,2013-09-19 00:00:00,2013-09-19 23:59:59
40.205521,-74.211626,2013-09-19 00:00:00,2013-09-19 23:59:59
40.474334,-74.160210,2013-09-19 00:00:00,2013-09-19 23:59:59
40.894005,-73.129666,2013-09-19 00:00:00,2013-09-19 23:59:59
40.223400,-74.329410,2013-09-19 00:00:00,2013-09-19 23:59:59
40.209513,-74.238390,2013-09-19 00:00:00,2013-09-19 23:59:59
40.706876,-73.600558,2013-09-19 00:00:00,2013-09-19 23:59:59
40.936804,-73.027334,2013-09-19 00:00:00,2013-09-19 23:59:59
40.339401,-73.412382,2013-09-19 00:00:00,2013-09-19 23:59:59
40.401483,-74.227082,2013-09-19 00:00:00,2013-09-19 23:59:59
40.109815,-73.974043,2013-09-19 00:00:00,2013-09-19 23:59:59
40.141653,-74.375395,2013-09-19 00:00:00,2013-09-19 23:59:59
40.939496,-73.296199,2013-09-19 00:00:00,2013-09-19 23:59:59
40.565794,-73.898840,2013-09-19 00:00:00,2013-09-19 23:59:59
40.853361,-74.078543,2013-09-19 00:00:00,2013-09-19 23:59:59
40.281242,-73.994030,2013-09-19 00:00:00,2013-09-19 23:59:59
40.152286,-74.420810,2013-09-19 00:00:00,2013-09-19 23:59:59
40.731717,-74.071637,2013-09-19 00:00:00,2013-09-19 23:59:59
40.745429,-73.342304,2013-09-19 00:00:00,2013-09-19 23:59:59
40.017717,-73.208427,2013-09-19 00:00:00,2013-09-19 23:59:59
40.551901,-73.566212,2013-09-19 00:00:00,2013-09-19 23:59:59
40.290181,-73.437848,2013-09-19 00:00:00,2013-09-19 23:59:59
40.413472,-73.949266,2013-09-19 00:00:00,2013-09-19 23:59:59
40.905694,-73.298063,2013-09-19 00:00:00,2013-09-19 23:59:59
40.273466,-73.314764,2013-09-19 00:00:00,2013-09-19 23:59:59
40.610590,-73.347837,2013-09-19 00:00:00,2013-09-19 23:59:59
40.471728,-73.777532,2013-09-19 00:00:00,2013-09-19 23:59:59
40.381668,-74.355310,2013-09-19 00:00:00,2013-09-19 23:59:59
40.881538,-73.933091,2013-09-19 00:00:00,2013-09-19 23:59:59
40.192854,-73.062439,2013-09-19 00:00:00,2013-09-19 23:59:59
40.271530,-73.020116,2013-09-19 00:00:00,2013-09-19 23:59:59
40.899955,-73.328774,2013-09-19 00:00:00,2013-09-19 23:59:59
40.714210,-73.355215,2013-09-19 00:00:00,2013-09-19 23:59:59
40.639795,-73.562243,2013-09-19 00:00:00,2013-09-19 23:59:59
40.082346,-73.482115,2013-09-19 00:00:00,2013-09-19 23:59:59
40.625347,-73.151737,2013-09-19 00:00:00,2013-09-19 23:59:59
40.675501,-73.573551,2013-09-19 00:00:00,2013-09-19 23:59:59
40.985082,-73.126550,2013-09-19 00:00:00,2013-09-19 23:59:59
40.801202,-73.173443,2013-09-19 00:00:00,2013-09-19 23:59:59
40.342621,-73.981109,2013-09-19 00:00:00,2013-09-19 23:59:59
40.698718,-73.369416,2013-09-19 00:00:00,2013-09-19 23:59:59
40.161853,-73.519914,2013-09-19 00:00:00,2013-09-19 23:59:59
40.538136,-73.441266,2013-09-19 00:00:00,2013-09-19 23:59:59
40.493060,-74.197277,2013-09-19 00:00:00,2013-09-19 23:59:59
40.353424,-73.439676,2013-09-19 00:00:00,2013-09-19 23:59:59
40.647175,-73.249144,2013-09-19 00:00:00,2013-09-19 23:59:59
40.675352,-73.511286,2013-09-19 00:00:00,2013-09-19 23:59:59
40.498148,-73.940234,2013-09-19 00:00:00,2013-09-19 23:59:59
40.318687,-73.101197,2013-09-19 00:00:00,2013-09-19 23:59:59
40.567513,-73.478660,2013-09-19 00:00:00,2013-09-19 23:59:59
40.247721,-73.432006,2013-09-19 00:00:00,2013-09-19 23:59:59
40.780587,-73.582387,2013-09-19 00:00:00,2013-09-19 23:59:59
40.695252,-73.379714,2013-09-19 00:00:00,2013-09-19 23:59:59
40.800338,-73.817098,2013-09-19 00:00:00,2013-09-19 23:59:59
40.742290,-73.041119,2013-09-19 00:00:00,2013-09-19 23:59:59
40.142804,-74.163431,2013-09-19 00:00:00,2013-09-19 23:59:59
40.379296,-73.914777,2013-09-19 00:00:00,2013-09-19 23:59:59
40.857064,-73.813054,2013-09-19 00:00:00,2013-09-19 23:59:59
40.664449,-73.698168,2013-09-19 00:00:00,2013-09-19 23:59:59
40.413090,-74.437680,2013-09-19 00:00:00,2013-09-19 23:59:59
40.970428,-73.237403,2013-09-19 00:00:00,2013-09-19 23:59:59
40.582435,-73.122851,2013-09-19 00:00:00,2013-09-19 23:59:59
40.468426,-74.152609,2013-09-19 00:00:00,2013-09-19 23:59:59
40.519537,-73.809246,2013-09-19 00:00:00,2013-09-19 23:59:59
40.936583,-74.102089,2013-09-19 00:00:00,2013-09-19 23:59:59
40.955550,-73.438223,2013-09-19 00:00:00,2013-09-19 23:59:59
40.699749,-74.041418,2013-09-19 00:00:00,2013-09-19 23:59:59
40.401932,-73.555460,2013-09-19 00:00:00,2013-09-19 23:59:59
40.008474,-74.179805,2013-09-19 00:00:00,2013-09-19 23:59:59
40.527658,-74.386818,2013-09-19 00:00:00,2013-09-19 23:59:59
40.447341,-74.135396,2013-09-19 00:00:00,2013-09-19 23:59:59
40.421745,-74.363913,2013-09-19 00:00:00,2013-09-19 23:59:59
40.026242,-73.043628,2013-09-19 00:00:00,2013-09-19 23:59:59
40.281893,-73.243387,2013-09-19 00:00:00,2013-09-19 23:59:59
40.452905,-74.078287,2013-09-19 00:00:00,2013-09-19 23:59:59
40.180401,-73.833526,2013-09-19 00:00:00,2013-09-19 23:59:59
40.710988,-73.503652,2013-09-19 00:00:00,2013-09-19 23:59:59
40.950103,-73.414574,2013-09-19 00:00:00,2013-09-19 23:59:59
40.475251,-73.987883,2013-09-19 00:00:00,2013-09-19 23:59:59
40.905951,-73.215031,2013-09-19 00:00:00,2013-09-19 23:59:59
40.083814,-74.472803,2013-09-19 00:00:00,2013-09-19 23:59:59
40.071922,-73.285179,2013-09-19 00:00:00,2013-09-19 23:59:59
40.757224,-73.913222,2013-09-19 00:00:00,2013-09-19 23:59:59
40.818340,-73.791240,2013-09-19 00:00:00,2013-09-19 23:59:59
40.505045,-73.170219,2013-09-19 00:00:00,2013-09-19 23:59:59
40.331252,-74.138797,2013-09-19 00:00:00,2013-09-19 23:59:59
40.692886,-73.767046,2013-09-19 00:00:00,2013-09-19 23:59:59
40.133389,-74.422522,2013-09-19 00:00:00,2013-09-19 23:59:59
40.556291,-73.093816,2013-09-19 00:00:00,2013-09-19 23:59:59
40.955305,-73.490719,2013-09-19 00:00:00,2013-09-19 23:59:59
40.042615,-74.477650,2013-09-19 00:00:00,2013-09-19 23:59:59
40.615683,-73.907855,2013-09-19 00:00:00,2013-09-19 23:59:59
40.237996,-74.318701,2013-09-19 00:00:00,2013-09-19 23:59:59
40.211360,-74.295982,2013-09-19 00:00:00,2013-09-19 23:59:59
40.293770,-73.229255,2013-09-19 00:00:00,2013-09-19 23:59:59
40.840492,-73.936845,2013-09-19 00:00:00,2013-09-19 23:59:59
40.205130,-73.303051,2013-09-19 00:00:00,2013-09-19 23:59:59
40.286394,-74.120464,2013-09-19 00:00:00,2013-09-19 23:59:59
40.014579,-73.785061,2013-09-19 00:00:00,2013-09-19 23:59:59
40.574900,-73.533120,2013-09-19 00:00:00,2013-09-19 23:59:59
40.013690,-73.508115,2013-09-19 00:00:00,2013-09-19 23:59:59
40.084747,-74.487917,2013-09-19 00:00:00,2013-09-19 23:59:59
40.298913,-74.012112,2013-09-19 00:00:00,2013-09-19 23:59:59
40.938288,-74.014473,2013-09-19 00:00:00,2013-09-19 23:59:59
40.600660,-73.263977,2013-09-19 00:00:00,2013-09-19 23:59:59
40.728968,-73.740815,2013-09-19 00:00:00,2013-09-19 23:59:59
40.649596,-73.352106,2013-09-19 00:00:00,2013-09-19 23:59:59
40.252340,-74.120144,2013-09-19 00:00:00,2013-09-19 23:59:59
40.470083,-73.437709,2013-09-19 00:00:00,2013-09-19 23:59:59
40.799005,-73.877929,2013-09-19 00:00:00,2013-09-19 23:59:59
40.897905,-73.607310,2013-09-19 00:00:00,2013-09-19 23:59:59
40.740703,-73.580647,2013-09-19 00:00:00,2013-09-19 23:59:59
40.307910,-73.585572,2013-09-19 00:00:00,2013-09-19 23:59:59
40.594892,-74.456495,2013-09-19 00:00:00,2013-09-19 23:59:59
40.006926,-73.035704,2013-09-19 00:00:00,2013-09-19 23:59:59
40.488493,-73.030519,2013-09-19 00:00:00,2013-09-19 23:59:59
40.998270,-74.395891,2013-09-19 00:00:00,2013-09-19 23:59:59
40.958097,-74.271890,2013-09-19 00:00:00,2013-09-19 23:59:59
40.856413,-74.374499,2013-09-19 00:00:00,2013-09-19 23:59:59
40.321768,-74.289384,2013-09-19 00:00:00,2013-09-19 23:59:59
40.263833,-73.854257,2013-09-19 00:00:00,2013-09-19 23:59:59
40.436672,-74.152688,2013-09-19 00:00:00,2013-09-19 23:59:59
40.356811,-73.036177,2013-09-19 00:00:00,2013-09-19 23:59:59
40.517148,-74.161725,2013-09-19 00:00:00,2013-09-19 23:59:59
40.402910,-74.187678,2013-09-19 00:00:00,2013-09-19 23:59:59
40.829377,-73.833994,2013-09-19 00:00:00,2013-09-19 23:59:59
40.490096,-73.846176,2013-09-19 00:00:00,2013-09-19 23:59:59
40.501732,-73.030757,2013-09-19 00:00:00,2013-09-19 23:59:59
40.845945,-74.269350,2013-09-19 00:00:00,2013-09-19 23:59:59
40.393924,-73.496950,2013-09-19 00:00:00,2013-09-19 23:59:59
